date,kospi,kosdaq,samsung,hynix,mu,sksquare,sndk,kioxia,credit_balance_eok,samsung_ret_pct,hynix_ret_pct,sp500,nasdaq,vix,nvda,ust10y,cor1m,sec_반도체,sec_방산조선,sec_바이오,sec_2차전지,sec_금융,sec_전기
2025-03-17,2610.69,743.51,57600.0,206000.0,,,,,181603995619.0,,,5675.1201171875,17808.66015625,20.51000022888184,119.52999877929688,4.31,27.77,100.0,100.0,100.0,100.0,100.0,
2025-03-18,2612.34,745.54,57600.0,203000.0,,,,,181981043048.0,,,5614.66015625,17504.119140625,21.700000762939453,115.43000030517578,4.29,30.07,100.0,100.0,100.0,100.0,100.0,
2025-03-19,2628.62,738.35,58500.0,205500.0,,,,,182156893981.0,,,5675.2900390625,17750.7890625,19.89999961853028,117.5199966430664,4.25,27.41,100.0,100.0,100.0,100.0,100.0,
2025-03-20,2637.1,725.15,60200.0,210000.0,,,,,182841610140.0,2.905982905982896,2.189781021897818,5662.89013671875,17691.630859375,19.799999237060547,118.52999877929688,4.24,26.76,102.30705403750872,95.19084927352706,95.67512506701289,103.35350791053278,100.65298531872102,
2025-03-21,2643.13,719.41,61700.0,215500.0,,,,,182856720290.0,2.491694352159479,2.6190476190476097,5667.56005859375,17784.05078125,19.280000686645508,117.6999969482422,4.25,27.23,101.8252518644832,95.99668115552429,99.32852622105293,99.4203515001499,99.91733317636516,
2025-03-24,2632.07,720.22,60500.0,211500.0,,,,,181523794872.0,,,5767.56982421875,18188.58984375,17.479999542236328,121.41000366210938,4.34,22.59,100.0,100.0,100.0,100.0,100.0,100.0
2025-03-25,2615.81,711.26,59800.0,208000.0,,,,,179627149607.0,-1.157024793388428,-1.654846335697402,5776.64990234375,18271.859375,17.149999618530273,120.69000244140624,4.31,21.7,99.03930640935243,95.75304271996863,99.83242951817122,99.6121542031272,100.22107012674049,100.09190142836052
2025-03-26,2643.94,716.48,61400.0,214000.0,,,,,179525628056.0,2.6755852842809347,2.8846153846153744,5712.2001953125,17899.01953125,18.32999992370605,113.76000213623048,4.35,23.19,101.93067978970784,100.88987731637758,101.09554186470707,104.21712239174175,99.48524785124488,99.49279278139856
2025-03-27,2607.15,707.49,61800.0,207000.0,,,,,178422519029.0,0.6514657980456029,-3.2710280373831724,5693.31005859375,17804.029296875,18.690000534057617,111.43000030517578,4.38,22.65,96.84176495856023,97.3298867023124,97.4466719732286,97.82841527620612,98.9875148430806,93.5929578781528
2025-03-28,2557.98,693.76,60200.0,199300.0,,,,,176950829089.0,-2.588996763754048,-3.7198067632850274,5580.93994140625,17322.990234375,21.64999961853028,109.66999816894533,4.27,27.15,96.6185512125393,98.28448995067284,97.92987924068235,98.5904413404326,99.04083223305771,98.8824112149241
2025-03-31,2481.12,672.85,57800.0,190700.0,,,,,175938744946.0,-3.9867109634551534,-4.315102860010034,5611.85009765625,17299.2890625,22.280000686645508,108.37999725341795,4.23,24.33,90.76698783850466,85.97383830624287,87.94928326213594,97.7216778029576,97.97931388455632,
2025-04-01,2521.39,691.45,58800.0,197000.0,88.70999908447266,92900.0,48.11000061035156,,173790426380.0,1.730103806228378,3.303618248557938,5633.06982421875,17449.890625,21.770000457763672,110.1500015258789,4.17,23.63,102.14289191672331,104.78756265604753,103.15792944963634,99.57697960762803,101.95736953877196,100.61374168278
2025-04-02,2505.86,684.85,58800.0,197900.0,88.5999984741211,92900.0,47.66999816894531,,171102474490.0,0.0,0.4568527918781706,5670.97021484375,17601.05078125,21.51000022888184,110.41999816894533,4.2,19.5,98.6740789298122,99.01141777775892,97.6697168477785,97.09555729596156,100.19437596750566,98.6669541405895
2025-04-03,2486.7,683.49,57600.0,194600.0,74.33999633789062,91600.0,38.2599983215332,,169720499690.0,-2.0408163265306145,-1.6675088428499296,5396.52001953125,16550.609375,30.020000457763672,101.8000030517578,4.06,32.65,98.95523788101882,103.38305596104829,102.59702990629144,96.64836069863324,97.4733256932815,100.30323775000254
2025-04-04,2465.42,687.39,56100.0,182200.0,64.72000122070312,87300.0,30.11000061035156,,170404306551.0,-2.604166666666663,-6.372045220966083,5074.080078125,15587.7900390625,45.310001373291016,94.30999755859376,4.01,45.83,96.25141352864551,99.4217097368749,98.90597297627284,103.5098935222073,99.51870850383858,101.288895618131
2025-04-07,2328.2,651.3,53200.0,164800.0,68.37000274658203,77400.0,31.479999542236328,,169577300565.0,,,5062.25,15603.259765625,46.97999954223633,97.63999938964844,4.15,45.22,100.0,100.0,100.0,100.0,100.0,100.0
2025-04-08,2334.23,658.45,53500.0,169500.0,65.54000091552734,78400.0,32.349998474121094,,169616272228.0,,,4982.77001953125,15267.91015625,52.33000183105469,96.3000030517578,4.26,49.9,100.0,100.0,100.0,100.0,100.0,100.0
2025-04-09,2293.7,643.39,53000.0,165000.0,77.87000274658203,75200.0,36.58000183105469,,167907529492.0,-0.9345794392523366,-2.6548672566371723,5456.89990234375,17124.970703125,33.619998931884766,114.33000183105467,4.34,36.12,97.48226795565724,98.8490356330192,96.97159012163998,97.00409752779424,98.97230594376217,96.3987172262357
2025-04-10,2445.06,681.79,56400.0,183200.0,70.05000305175781,85700.0,31.075000762939453,,165466799006.0,6.41509433962264,11.030303030303036,5268.0498046875,16387.310546875,40.720001220703125,107.56999969482422,4.4,42.26,109.04460726103346,107.89355276095878,104.78127916420613,109.4445249657733,105.69738750677315,113.72665378729772
2025-04-11,2432.72,695.59,55200.0,180800.0,69.55000305175781,85100.0,31.96999931335449,,164463676422.0,-2.127659574468088,-1.3100436681222738,5363.35986328125,16724.4609375,37.560001373291016,110.93000030517578,4.48,42.53,100.34700040801935,105.548598305995,103.02727835383024,97.13074663349332,99.61945712051156,100.53942036828886
2025-04-14,2455.89,708.98,56200.0,180200.0,71.0199966430664,84100.0,33.54999923706055,,163045486411.0,1.8115942028985588,-0.3318584070796437,5405.97021484375,16831.48046875,30.88999938964844,110.70999908447266,4.38,34.7,107.04736967430536,115.48887756075192,108.1541731476682,104.57389354859168,104.9663873891707,110.93138527005414
2025-04-15,2477.41,711.92,56600.0,180600.0,71.04000091552734,84000.0,33.22999954223633,,165760364372.0,0.7117437722419906,0.2219755826859071,5396.6298828125,16823.169921875,30.1200008392334,112.1999969482422,4.35,36.43,100.17441361419456,98.48267761922082,98.9323766295706,100.7644545322907,102.44066546313464,104.4120178845784
2025-04-16,2447.43,699.11,54700.0,174000.0,69.33000183105469,81700.0,32.029998779296875,,167841564753.0,-3.3568904593639592,-3.6544850498338888,5275.7001953125,16307.16015625,32.63999938964844,104.48999786376952,4.29,41.22,96.5073197862365,101.62046184642676,98.1326804604202,97.61162642378486,101.23279944379904,96.89969423455642
2025-04-17,2470.41,711.75,55100.0,175000.0,68.80000305175781,81800.0,31.290000915527344,,168987421280.0,0.7312614259597838,0.5747126436781658,5282.7001953125,16286.4501953125,29.64999961853028,101.48999786376952,4.34,36.6,101.97080774927484,102.26347843579936,102.0188876839646,100.49520326556164,99.8450327169166,103.8764705446832
2025-04-18,2483.42,717.77,55300.0,175000.0,,82400.0,,,170190191703.0,0.3629764065335772,0.0,,,,,4.34,,102.262384067391,99.78341819203908,100.84482034038052,99.49059365128974,101.8197551471301,100.04524552052249
2025-04-21,2488.42,715.45,55400.0,176600.0,66.73999786376953,83700.0,29.809999465942383,,170749660403.0,0.1808318264014508,0.914285714285712,5158.2001953125,15870.900390625,33.81999969482422,96.91000366210938,4.42,43.51,102.71510643879331,99.42965463642412,100.6754815807334,98.17863788568178,103.20915180169752,99.66747415539814
2025-04-22,2486.64,716.12,55000.0,173800.0,70.20999908447266,81700.0,29.6200008392334,,171735620804.0,-0.7220216606498187,-1.5855039637599044,5287.759765625,16300.419921875,30.56999969482422,98.88999938964844,4.41,40.05,99.04141464733893,102.97700696736062,100.684986118165,99.5272280446664,100.21241501525228,93.8059806305683
2025-04-23,2525.56,726.08,55700.0,181000.0,72.93000030517578,85500.0,30.36000061035156,,172742951972.0,,,5375.85986328125,16708.05078125,28.450000762939453,102.70999908447266,4.4,37.22,100.0,100.0,100.0,100.0,100.0,100.0
2025-04-24,2522.33,726.08,55700.0,178300.0,77.41999816894531,83700.0,32.290000915527344,,174281858433.0,0.0,-1.4917127071823244,5484.77001953125,17166.0390625,26.46999931335449,106.43000030517578,4.32,32.77,99.36517891681557,101.03277331798088,99.90486578660544,98.3937327878444,100.11311031810304,98.90955821945056
2025-04-25,2546.3,729.69,55700.0,184400.0,79.77999877929688,89700.0,32.849998474121094,,173927179211.0,0.0,3.421200224341004,5525.2099609375,17382.939453125,24.84000015258789,111.01000213623048,4.29,31.19,99.85915563057311,104.7379750265516,98.1609895611596,100.52677728792796,101.5023120649732,103.77680249662896
2025-04-28,2548.86,719.41,55800.0,182000.0,78.55999755859375,86700.0,32.27000045776367,,175119814397.0,,,5528.75,17366.130859375,25.14999961853028,108.7300033569336,4.23,30.87,100.0,100.0,100.0,100.0,100.0,100.0
2025-04-29,2565.42,726.46,55800.0,180800.0,76.87999725341797,87200.0,32.939998626708984,,175223766601.0,,,5560.830078125,17461.3203125,24.170000076293945,109.0199966430664,4.19,29.79,100.0,100.0,100.0,100.0,100.0,100.0
2025-04-30,2556.61,717.24,55500.0,177500.0,76.94999694824219,88900.0,32.11000061035156,,175579706290.0,-0.5376344086021501,-1.825221238938057,5569.06005859375,17446.33984375,24.700000762939453,108.91999816894533,4.17,29.93,98.72339814186432,99.49727756256593,97.80770861205978,95.47066325242274,102.40781864126492,97.4126733411222
2025-05-01,,,,,77.7699966430664,,32.59000015258789,,,,,5604.14013671875,17710.740234375,24.600000381469727,111.61000061035156,4.25,32.43,,,,,,
2025-05-02,2559.79,721.86,54300.0,186000.0,80.72000122070312,91300.0,34.400001525878906,,175329619264.0,,,5686.669921875,17977.73046875,22.68000030517578,114.5,4.33,29.88,100.0,100.0,100.0,100.0,100.0,100.0
2025-05-05,,,,,80.41999816894531,,34.61000061035156,,,,,5650.3798828125,17844.240234375,23.63999938964844,113.81999969482422,4.36,31.42,,,,,,
2025-05-06,,,,,80.51000213623047,,33.83000183105469,,,,,5606.91015625,17689.66015625,24.76000022888184,113.54000091552734,4.3,34.74,,,,,,
2025-05-07,2573.8,722.81,54600.0,190800.0,82.62000274658203,92300.0,34.970001220703125,,176155655920.0,,,5631.27978515625,17738.16015625,23.549999237060547,117.05999755859376,4.26,31.71,100.0,100.0,100.0,100.0,100.0,100.0
2025-05-08,2579.48,729.59,54600.0,190300.0,85.1500015258789,93000.0,36.65999984741211,,175153034130.0,0.0,-0.262054507337528,5663.93994140625,17928.140625,22.479999542236328,117.37000274658205,4.37,29.7,100.19188663056588,102.807876740549,99.21910713535028,100.64219780906764,99.61838066174958,102.16833269370387
2025-05-09,2577.27,722.52,54800.0,190100.0,85.86000061035156,93700.0,37.7400016784668,,175279031699.0,0.366300366300365,-0.1050972149237994,5659.91015625,17928.919921875,21.89999961853028,116.6500015258789,4.37,30.07,99.44085950948902,101.17847124928709,99.48991179766104,97.87289969772232,98.99195258007292,98.07147449334698
2025-05-12,2607.33,725.4,57600.0,195000.0,92.29000091552734,95200.0,41.27000045776367,,176625603906.0,5.109489051094895,2.577590741714886,5844.18994140625,18708.33984375,18.38999938964844,123.0,4.45,22.22,106.79107469513924,104.90262739145534,96.34793672223462,98.49935620327572,101.05290534013054,110.14203152516777
2025-05-13,2608.42,731.88,56900.0,198500.0,96.93000030517578,99900.0,42.0,2207.0,177872405459.0,-1.215277777777779,1.7948717948717885,5886.5498046875,19010.08984375,18.21999931335449,129.92999267578125,4.49,18.97,99.96892809812866,100.08399540259212,102.48529759593868,97.1508354772357,100.15681576926788,101.65296677414076
2025-05-14,2640.57,739.05,57400.0,206000.0,95.31999969482422,103500.0,41.93000030517578,2270.0,177299778308.0,0.8787346221441172,3.778337531486154,5892.580078125,19146.810546875,18.6200008392334,135.33999633789062,4.53,18.06,102.60498548541432,101.60575459124917,97.2606288488002,100.378101108701,100.60116915342812,103.20321809233072
2025-05-15,2621.36,733.23,57300.0,200500.0,95.4499969482422,100800.0,40.540000915527344,2215.0,178053267143.0,-0.174216027874563,-2.669902912621358,5916.93017578125,19112.3203125,17.829999923706055,134.8300018310547,4.45,16.93,98.26107891544922,100.93182315971345,99.14919736726443,98.49217494548226,100.220804738441,101.62055562587048
2025-05-16,2626.87,725.07,56800.0,204500.0,98.0,102600.0,40.43999862670898,2221.0,177802410688.0,-0.8726003490401424,1.9950124688279391,5958.3798828125,19211.099609375,17.239999771118164,135.39999389648438,4.43,16.68,102.58470115867974,102.07067048889093,98.43224892822263,96.53818694017488,100.1348256577595,100.74510259161924
2025-05-19,2603.42,713.75,55800.0,199400.0,98.6500015258789,99800.0,38.77999877929688,2194.0,179217405926.0,-1.7605633802816878,-2.493887530562344,5963.60009765625,19215.4609375,18.13999938964844,135.57000732421875,4.46,19.86,96.06689124486128,99.28562511053777,100.23690701516271,101.16938012223292,100.3930725577067,98.27182947874148
2025-05-20,2601.8,715.55,55900.0,202000.0,98.0999984741211,101100.0,40.18000030517578,2186.0,179438895100.0,0.1792114695340574,1.3039117352056095,5940.4599609375,19142.7109375,18.09000015258789,134.3800048828125,4.48,19.73,100.3961330325764,97.52626407880226,100.45431697812634,96.11390424566828,101.833866702242,105.16877065864958
2025-05-21,2625.58,723.62,55700.0,200500.0,95.83999633789062,100800.0,38.59999847412109,2173.0,179735277284.0,-0.3577817531305927,-0.7425742574257432,5844.60986328125,18872.640625,20.8700008392334,131.8000030517578,4.58,24.07,99.37362294115482,102.51651734416794,102.86366252444526,99.58433919961928,100.35347579371664,100.73619848122736
2025-05-22,2593.67,717.67,54700.0,196900.0,94.83000183105467,98500.0,37.84000015258789,2075.0,179765265124.0,-1.795332136445238,-1.795511221945134,5842.009765625,18925.740234375,20.280000686645508,132.8300018310547,4.54,22.52,97.20031686330348,98.60907206514167,97.90247161921708,99.84669062659464,99.7938759421724,99.84431332488197
2025-05-23,2592.09,715.98,54200.0,200000.0,93.37000274658205,99100.0,37.27999877929688,2058.0,179977144375.0,-0.9140767824497242,1.5744032503808958,5802.81982421875,18737.2109375,22.290000915527344,131.2899932861328,4.51,26.61,99.24446464209788,100.05105313637272,98.40339629509596,97.35343300566872,101.66406464190167,100.7675637958442
2025-05-26,2644.4,725.27,54700.0,203000.0,,102500.0,,,181460076207.0,0.9225092250922496,1.4999999999999902,,,,,4.51,,102.36043725520828,102.07497041573792,95.95248051242424,90.09961422038694,107.84231185741584,114.32201461119487
2025-05-27,2637.22,727.11,53900.0,202500.0,96.37999725341795,100500.0,38.18000030517578,2072.0,181753738179.0,-1.4625228519195566,-0.246305418719217,5921.5400390625,19199.16015625,18.959999084472656,135.5,4.43,18.34,99.1252988989274,102.25070107341853,101.37696104853332,97.54348185040722,99.90879496897549,101.27057656722307
2025-05-28,2670.15,728.79,55900.0,208000.0,96.18000030517578,108200.0,38.58000183105469,2098.0,181639656360.0,3.710575139146566,2.716049382716057,5888.5498046875,19100.939453125,19.309999465942383,134.80999755859375,4.47,20.39,102.81664859538304,95.88629680292088,98.86211736715626,106.64989350216965,99.82045975795891,96.19023979613084
2025-05-29,2720.64,736.29,56100.0,212000.0,96.8000030517578,113200.0,38.59999847412109,2180.0,183410376183.0,0.3577817531305927,1.923076923076916,5912.169921875,19175.869140625,19.18000030517578,139.19000244140625,4.43,22.73,100.8036694014967,102.0689376800394,100.61618914375602,101.51686397240502,102.88138031584133,102.67549868187184
2025-05-30,2697.67,734.35,56200.0,204500.0,94.45999908447266,114800.0,37.68999862670898,2099.0,182739085867.0,0.1782531194295833,-3.5377358490566,5911.68994140625,19113.76953125,18.56999969482422,135.1300048828125,4.41,22.89,97.6333260361056,98.36658387073538,99.93847632067968,98.70357445348216,100.84945771888496,99.41059578467794
2025-06-02,2698.97,740.29,56800.0,207500.0,98.18000030517578,110300.0,37.33000183105469,1995.0,183463070639.0,,,5935.93994140625,19242.609375,18.36000061035156,137.3800048828125,4.46,23.76,100.0,100.0,100.0,100.0,100.0,100.0
2025-06-03,,,,,102.25,,38.63999938964844,1982.0,,,,5970.3701171875,19398.9609375,17.690000534057617,141.22000122070312,4.46,22.65,,,,,,
2025-06-04,2770.84,750.21,57800.0,217500.0,103.25,124700.0,39.81999969482422,2060.0,185144111183.0,,,5970.81005859375,19460.490234375,17.610000610351562,141.9199981689453,4.37,22.2,100.0,100.0,100.0,100.0,100.0,100.0
2025-06-05,2812.05,756.23,59100.0,224500.0,106.29000091552734,129300.0,39.119998931884766,2116.0,185530091028.0,,,5939.2998046875,19298.44921875,18.479999542236328,139.99000549316406,4.4,21.54,100.0,100.0,100.0,100.0,100.0,100.0
2025-06-06,,,,,108.55999755859376,,39.150001525878906,2165.0,,,,6000.35986328125,19529.94921875,16.770000457763672,141.72000122070312,4.51,19.88,,,,,,
2025-06-09,2855.77,764.21,59800.0,229000.0,110.9499969482422,128600.0,41.81999969482422,2112.0,185330528378.0,,,6005.8798828125,19591.240234375,17.15999984741211,142.6300048828125,4.49,21.65,100.0,100.0,100.0,100.0,100.0,100.0
2025-06-10,2871.85,771.2,59200.0,230500.0,114.13999938964844,129200.0,41.59000015258789,2132.0,185168881107.0,-1.0033444816053505,0.6550218340611424,6038.81005859375,19714.990234375,16.950000762939453,143.9600067138672,4.47,21.78,99.88952861955109,104.271592807777,99.9685390295193,101.1221327669911,100.47763622463948,103.86620492243924
2025-06-11,2907.04,786.29,59900.0,240000.0,116.02999877929688,138400.0,40.22999954223633,2191.0,187241918066.0,,,6022.240234375,19615.880859375,17.260000228881836,142.8300018310547,4.41,21.86,100.0,100.0,100.0,100.0,100.0,100.0
2025-06-12,2920.03,789.45,59500.0,235500.0,116.18000030517578,140600.0,41.29999923706055,2088.0,188500006357.0,,,6045.259765625,19662.490234375,18.020000457763672,145.0,4.36,23.06,100.0,100.0,100.0,100.0,100.0,100.0
2025-06-13,2894.62,768.86,58300.0,235500.0,115.5999984741211,138800.0,42.5,2010.0,189888476047.0,-2.01680672268908,0.0,5976.97021484375,19406.830078125,20.81999969482422,141.97000122070312,4.41,27.49,98.40927519333091,104.06218431169712,97.24899875178674,97.95925766187425,100.61524009670406,99.026867511998
2025-06-16,2946.66,777.26,57200.0,248000.0,119.83999633789062,149900.0,44.209999084472656,2009.0,192118341569.0,,,6033.10986328125,19701.2109375,19.11000061035156,144.69000244140625,4.46,24.27,100.0,100.0,100.0,100.0,100.0,100.0
2025-06-17,2950.3,775.65,58100.0,249000.0,120.33999633789062,153400.0,44.09000015258789,2084.0,193856452730.0,,,5982.72021484375,19521.08984375,21.600000381469727,144.1199951171875,4.39,30.82,100.0,100.0,100.0,100.0,100.0,100.0
2025-06-18,2972.19,779.73,59800.0,246500.0,121.81999969482422,148400.0,46.619998931884766,2046.0,195603009777.0,,,5980.8701171875,19546.26953125,20.13999938964844,145.47999572753906,4.38,27.88,100.0,100.0,100.0,100.0,100.0,100.0
2025-06-19,2977.74,782.51,59200.0,246000.0,,148400.0,,2103.0,196084325344.0,,,,,,,,,100.0,100.0,100.0,100.0,100.0,100.0
2025-06-20,3021.84,791.53,59500.0,257000.0,123.5999984741211,155500.0,46.58000183105469,2284.0,198197663593.0,0.5067567567567544,4.471544715447151,5967.83984375,19447.41015625,20.6200008392334,143.85000610351562,4.38,27.87,103.08543417985956,101.1681166739276,101.14325686055096,105.6135083807769,100.14086049577948,104.48043477485412
2025-06-23,3014.47,784.79,58000.0,259500.0,122.08000183105467,163700.0,46.95000076293945,2554.0,200965801754.0,,,6025.169921875,19630.970703125,19.82999992370605,144.1699981689453,4.34,25.27,100.0,100.0,100.0,100.0,100.0,100.0
2025-06-24,3103.64,800.93,60500.0,278500.0,127.91000366210938,181000.0,47.34000015258789,2549.0,201393290647.0,4.31034482758621,7.321772639691715,6092.18017578125,19912.529296875,17.479999542236328,147.89999389648438,4.3,21.16,103.75290560126864,98.3800030729387,101.73251377375286,102.4664146196748,103.2449076541784,104.8004076799964
2025-06-25,3108.25,798.21,61300.0,286000.0,127.25,192200.0,47.25,2530.0,205726228348.0,1.3223140495867811,2.6929982046678624,6092.16015625,19973.55078125,16.760000228881836,154.30999755859375,4.29,18.44,103.1243084034297,94.86125917880692,99.42566029613543,99.57531097450254,99.82396308296684,100.6731181392299
2025-06-26,3079.56,787.95,60200.0,293000.0,126.0,187400.0,47.43999862670898,2530.0,205351655484.0,-1.7944535073409429,2.447552447552437,6141.02001953125,20167.91015625,16.59000015258789,155.02000427246094,4.26,16.66,102.18780093349211,99.06123049449236,99.0345973743618,100.0405796761812,99.86573685852515,97.19190717582364
2025-06-27,3055.94,781.56,60800.0,284000.0,124.76000213623048,176300.0,47.150001525878906,2523.0,206830606564.0,0.9966777408637828,-3.0716723549488067,6173.06982421875,20273.4609375,16.31999969482422,157.75,4.29,15.13,98.7755668028,100.87942713019852,100.21414587369163,97.1075047835424,100.648392509817,100.8284973427647
2025-06-30,3071.7,781.5,59800.0,292000.0,123.25,183000.0,45.34999847412109,2503.0,207868305735.0,-1.6447368421052655,2.8169014084507005,6204.9501953125,20369.73046875,16.729999542236328,157.99000549316406,4.24,14.48,107.09680652370066,92.6008906661832,104.36774565022228,107.2237923720273,106.158514806423,106.30679474513076
2025-07-01,3089.65,783.67,60200.0,285500.0,120.88999938964844,185000.0,44.959999084472656,2363.0,208798163522.0,0.6688963210702337,-2.2260273972602773,6198.009765625,20202.890625,16.829999923706055,153.3000030517578,4.26,14.89,98.26665257806432,98.98641588474428,100.1758478942961,103.72931376236288,101.05637662616,100.234039262402
2025-07-02,3075.06,782.17,60800.0,279000.0,121.73999786376952,176200.0,46.209999084472656,2412.0,208795432234.0,0.9966777408637828,-2.276707530647981,6227.419921875,20393.130859375,16.639999389648438,157.25,4.3,14.32,98.27920893132038,97.23616746057266,100.75532849835668,99.99414444045648,99.70351297861724,98.76127737442276
2025-07-03,3116.27,793.33,63800.0,278500.0,122.29000091552734,171800.0,46.40999984741211,2548.0,207796612132.0,4.9342105263157965,-0.1792114695340463,6279.35009765625,20601.099609375,16.3799991607666,159.33999633789062,4.35,14.14,102.44274831394937,98.90666935233357,101.86357890673922,104.31288271989555,102.55239705584644,95.4920695069315
2025-07-04,3054.28,775.8,63300.0,270500.0,,163200.0,,2380.0,,-0.7836990595611271,-2.872531418312385,,,,,4.35,,98.10676701656122,94.93957133351832,98.03496784297528,98.67580128003766,97.93606652871463,96.53704427604728
2025-07-07,3059.47,778.46,61700.0,271000.0,119.91999816894533,162000.0,45.220001220703125,2460.0,207987701110.0,-2.5276461295418606,0.1848428835489857,6229.97998046875,20412.51953125,17.790000915527344,158.24000549316406,4.4,15.78,103.0566295353781,84.91842527325083,104.65764977223948,112.31687412908936,108.34155589977112,100.48505759005828
2025-07-08,3114.95,784.24,61400.0,282000.0,124.41999816894533,172900.0,46.16999816894531,2554.0,,-0.4862236628849326,4.0590405904058935,6225.52001953125,20418.4609375,16.809999465942383,160.0,4.42,13.82,101.2039681482475,103.25248697402162,99.34596206431246,98.73999408162594,108.23864311640573,104.08491605815234
2025-07-09,3133.74,790.36,60400.0,281000.0,122.23999786376952,181200.0,46.20000076293945,2708.0,208600671231.0,-1.6286644951140072,-0.3546099290780091,6263.259765625,20611.33984375,15.9399995803833,162.8800048828125,4.34,12.28,98.81126785423967,104.0299062225282,99.96795168694872,100.40620718617696,98.2072463196026,100.30675996839976
2025-07-10,3183.23,797.7,61000.0,297000.0,123.11000061035156,183600.0,46.95000076293945,2557.0,,0.9933774834437026,5.693950177935947,6280.4599609375,20630.66015625,15.779999732971191,164.10000610351562,4.35,11.37,102.10551707358572,101.4349548875768,103.226497527067,103.40678732653606,99.49440145369796,102.09531229046549
2025-07-11,3175.77,800.47,62600.0,294500.0,124.52999877929688,174000.0,46.09000015258789,2488.0,,2.6229508196721207,-0.8417508417508435,6259.75,20585.529296875,16.399999618530273,164.9199981689453,4.43,12.11,100.19585579705924,96.73012409648106,98.85830761247703,100.41615664926016,100.80841921772875,97.62458022856308
2025-07-14,3202.03,799.37,62500.0,300000.0,118.61000061035156,178300.0,42.47999954223633,2437.0,,-0.1597444089456834,1.8675721561969505,6268.56005859375,20640.330078125,17.200000762939453,164.07000732421875,4.43,14.02,98.93797743892505,97.2130091665745,97.88924993579587,100.16760433237644,103.45341619796562,98.71172589376312
2025-07-15,3215.28,812.88,63700.0,298500.0,120.11000061035156,173000.0,42.720001220703125,2450.0,214008923476.0,1.9200000000000104,-0.5000000000000004,6243.759765625,20677.80078125,17.3799991607666,170.6999969482422,4.5,14.73,100.82933035714284,103.10289274776098,101.55345831254364,99.91928285833244,100.16605022344304,104.5914724025839
2025-07-16,3186.38,812.23,64700.0,296000.0,116.43000030517578,174100.0,41.36000061035156,2452.0,214717902677.0,1.569858712715866,-0.8375209380234505,6263.7001953125,20730.490234375,17.15999984741211,171.3699951171875,4.46,14.49,100.1763045759909,100.66146989203936,100.43567159928064,97.42260253157087,95.32570280879104,100.95658953176188
2025-07-17,3192.29,818.27,66700.0,269500.0,113.26000213623048,158900.0,41.52000045776367,2414.0,,3.091190108191655,-8.952702702702698,6297.35986328125,20885.650390625,16.520000457763672,173.0,4.47,12.59,97.5746645815622,102.7282073262132,102.2355009324058,101.35176539099496,100.74922640986618,98.81541398839892
2025-07-18,3188.07,820.67,67100.0,269000.0,114.38999938964844,160500.0,42.18999862670898,2353.0,,0.599700149925031,-0.1855287569573316,6296.7900390625,20895.650390625,16.40999984741211,172.41000366210938,4.44,12.92,100.10676763912244,100.33859981129004,100.25037901293388,101.62650113443948,98.88143200968427,101.8969612830882
2025-07-21,3210.81,821.69,67800.0,272500.0,113.2300033569336,161400.0,41.61000061035156,,,1.0432190760059523,1.3011152416356977,6305.60009765625,20974.1796875,16.649999618530273,171.3800048828125,4.38,13.53,100.65904962684752,103.396917802927,99.68380102337971,104.41644555196788,99.4736497219356,102.36223241055951
2025-07-22,3169.94,812.97,66000.0,268500.0,109.22000122070312,156800.0,41.36000061035156,2398.0,217272577189.0,-2.6548672566371723,-1.4678899082568808,6309.6201171875,20892.689453125,16.5,167.02999877929688,4.35,12.94,97.98907844336784,98.53754590088772,99.79674169730184,99.62069947126324,99.43276403147718,96.69630191485476
2025-07-23,3183.77,813.56,66400.0,269000.0,109.83000183105467,156000.0,43.0,2535.0,217249104260.0,0.60606060606061,0.1862197392923592,6358.91015625,21020.01953125,15.369999885559082,170.77999877929688,4.4,10.98,99.75787029678688,98.79420260491864,100.07315531011096,101.29575882481828,100.20679984838262,103.1593636916294
2025-07-24,3190.45,809.89,66000.0,269500.0,111.7300033569336,152000.0,42.060001373291016,2566.0,218277830711.0,-0.6024096385542133,0.1858736059479504,6363.35009765625,21057.9609375,15.390000343322754,173.74000549316406,4.43,11.81,99.02264601716064,101.21313224979558,100.60175605632428,105.78324276947826,101.3664932755314,106.58823866321757
2025-07-25,3196.05,806.95,65900.0,266000.0,111.26000213623048,153000.0,42.47999954223633,2457.0,,-0.1515151515151469,-1.2987012987012991,6388.64013671875,21108.3203125,14.93000030517578,173.5,4.4,10.82,99.6103923130444,102.50175616527537,98.11433637032614,99.25789714944015,101.58644832111682,99.3377762132058
2025-07-28,3209.52,804.4,70400.0,262000.0,111.25,150200.0,41.88999938964844,2454.0,217835979107.0,6.828528072837625,-1.5037593984962403,6389.77001953125,21178.580078125,15.029999732971191,176.75,4.42,9.54,102.25676309707345,103.57302877552792,98.83966488707352,102.0801821806368,93.75203018203632,107.35634198404676
2025-07-29,3230.57,804.45,70600.0,262500.0,111.95999908447266,149200.0,42.93000030517578,2428.0,217883256883.0,0.2840909090909171,0.1908396946564972,6370.85986328125,21098.2890625,15.979999542236328,175.50999450683594,4.34,10.69,99.8839908668993,102.33350056580548,100.6336189870802,99.47867710531476,101.28038540902264,101.89320077376269
2025-07-30,3254.47,803.67,72600.0,263500.0,114.73999786376952,148000.0,43.38999938964844,2452.0,218580780971.0,2.8328611898017053,0.3809523809523707,6362.89990234375,21129.669921875,15.479999542236328,179.27000427246094,4.38,8.84,102.76440023977769,99.62878345552312,100.04367146523592,103.12870598865156,100.72823400705852,98.8045268811696
2025-07-31,3245.44,805.24,71400.0,273500.0,109.13999938964844,152100.0,42.91999816894531,2478.0,217918454660.0,-1.6528925619834656,3.795066413662229,6339.39013671875,21122.44921875,16.719999313354492,177.8699951171875,4.37,11.79,102.05113268749643,105.40825518065115,100.00557810845036,96.37382949746949,98.77792187234807,101.61981079945352
2025-08-01,3119.41,772.79,68900.0,258000.0,104.87999725341795,140300.0,41.33000183105469,2424.0,217699758200.0,-3.5014005602240883,-5.667276051188297,6238.009765625,20650.130859375,20.3799991607666,173.72000122070312,4.23,20.1,94.41170093506938,97.5579502314542,95.33819459956077,95.69035377004744,95.8083703227246,96.58240595255492
2025-08-04,3147.75,784.06,69700.0,258000.0,107.7699966430664,140200.0,42.5099983215332,2382.0,217802119834.0,1.1611030478954951,0.0,6329.93994140625,21053.580078125,17.520000457763672,180.0,4.22,13.53,94.45903830577184,96.4986162113746,96.89908905894391,96.5968665187754,97.33068466442027,99.1068274697286
2025-08-05,3198.0,798.6,69900.0,263500.0,109.05999755859376,143500.0,41.93000030517578,2370.0,216511775175.0,0.2869440459110528,2.131782945736438,6299.18994140625,20916.55078125,17.850000381469727,178.25999450683594,4.22,16.13,101.53249998774967,101.61700923361248,101.02497311258782,104.77139567123125,103.02640984870357,105.66009911726134
2025-08-06,3198.14,803.49,68800.0,258500.0,108.77999877929688,140300.0,42.09999847412109,2333.0,215003012470.0,-1.573676680972813,-1.8975332068311144,6345.06005859375,21169.419921875,16.770000457763672,179.4199981689453,4.22,14.32,101.01396720577334,98.62732127545864,99.56347968885864,101.20375676415176,101.4155571112227,100.39272504595569
2025-08-07,3227.68,805.81,70500.0,262000.0,111.87000274658205,141900.0,40.68999862670898,2300.0,,2.470930232558133,1.3539651837524147,6340.0,21242.69921875,16.56999969482422,180.7700042724609,4.23,13.65,100.00467294489496,100.96164194146242,98.7679562312693,99.22742255205634,100.4393132198447,96.87168323381296
2025-08-08,3210.01,809.27,71800.0,256500.0,118.88999938964844,139300.0,44.34000015258789,2364.0,,1.843971631205665,-2.099236641221369,6389.4501953125,21450.01953125,15.149999618530272,182.6999969482422,4.27,10.93,100.41474151859688,94.60283519386496,99.72591496261244,97.99980683488592,99.26374628715766,97.63577512954392
2025-08-11,3206.77,811.85,71000.0,267000.0,123.72000122070312,142000.0,43.369998931884766,,,-1.11420612813371,4.093567251461994,6373.4501953125,21385.400390625,16.25,182.0599975585937,4.27,13.07,101.82692537025972,91.7435137276612,99.37028986885794,99.54785911552594,98.76985160978046,97.59994850544896
2025-08-12,3189.91,807.19,71100.0,269000.0,127.75,141500.0,46.83000183105469,2618.0,,0.140845070422535,0.7490636704119868,6445.759765625,21681.900390625,14.729999542236328,183.1600036621093,4.29,10.76,99.49361436352416,97.81842048920844,99.542877259225,99.01735715552118,100.97320646674952,97.88533998738389
2025-08-13,3224.37,814.1,71900.0,278000.0,124.2699966430664,144600.0,47.0099983215332,2578.0,222031451248.0,1.1251758087201136,3.3457249070631967,6466.580078125,21713.140625,14.489999771118164,181.58999633789065,4.24,9.24,102.20523055066909,102.12754423890335,101.93515500791378,100.578227179498,100.01539569513216,101.25958819203788
2025-08-14,3225.66,815.26,71600.0,276500.0,125.29000091552734,143700.0,46.68000030517578,2555.0,,-0.4172461752433909,-0.5395683453237377,6468.5400390625,21710.669921875,14.829999923706056,182.0200042724609,4.29,9.88,100.68852320756004,100.9474591464594,98.87937126460336,101.4737336896647,100.07762375118992,99.51902836168172
2025-08-15,,,,,120.87000274658205,,44.540000915527344,2560.0,,,,6449.7998046875,21622.98046875,15.09000015258789,180.4499969482422,4.33,10.22,,,,,,
2025-08-18,3177.28,798.05,70000.0,267500.0,123.5500030517578,137600.0,45.52000045776367,2442.0,222388002709.0,,,6449.14990234375,21629.76953125,14.989999771118164,182.009994506836,4.34,11.29,97.1756870764696,100.84712939387413,96.77232635655652,97.39964581932892,96.345396773661,96.3609107604955
2025-08-19,3151.56,787.96,70000.0,263000.0,122.0500030517578,140400.0,44.58000183105469,2473.0,,0.0,-1.6822429906542036,6411.3701171875,21314.94921875,15.56999969482422,175.63999938964844,4.3,12.09,99.46856318935758,94.84986830343932,99.51725575757402,100.4667732711126,100.38544295431058,98.26565467080948
2025-08-20,3130.09,777.61,70500.0,255500.0,117.20999908447266,137100.0,44.400001525878906,2358.0,222873397538.0,0.7142857142857117,-2.851711026615966,6395.77978515625,21172.859375,15.6899995803833,175.39999389648438,4.29,13.16,98.1641870471083,99.2077948220806,98.91508478813569,99.296506676927,99.99921261441328,95.9383154414821
2025-08-21,3141.74,777.24,70600.0,245000.0,115.79000091552734,135200.0,45.5,2305.0,221509538704.0,,,6370.169921875,21100.310546875,16.600000381469727,174.97999572753906,4.33,15.58,100.0,100.0,100.0,100.0,100.0,100.0
2025-08-22,3168.73,782.51,71400.0,251000.0,117.68000030517578,135200.0,46.369998931884766,2403.0,219390376336.0,1.1331444759206777,2.448979591836742,6466.91015625,21496.5390625,14.220000267028809,177.99000549316406,4.26,9.56,100.3765662388532,104.3126846297733,102.59937163171789,99.0621289265958,99.51166272627955,105.76095469393827
2025-08-25,3209.86,798.02,71500.0,259500.0,116.41999816894533,144800.0,46.77999877929688,797.3333129882812,219400224423.0,,,6439.31982421875,21449.2890625,14.789999961853027,179.80999755859375,4.28,9.99,100.0,100.0,100.0,100.0,100.0,100.0
2025-08-26,3179.36,801.66,70300.0,261500.0,116.5,141200.0,47.34999847412109,811.0,218500722687.0,-1.6783216783216814,0.7707129094412402,6465.93994140625,21544.26953125,14.619999885559082,181.7700042724609,4.26,9.3,100.22220489150872,97.46943854552326,99.5358777447586,99.61076571390934,98.28711233942867,100.1896709696561
2025-08-27,3187.16,801.72,70600.0,260000.0,117.75,139900.0,48.43999862670898,805.0,218872883516.0,0.4267425320056972,-0.5736137667303964,6481.39990234375,21590.140625,14.850000381469728,181.6000061035156,4.24,10.19,100.10538552468716,99.74169428219832,97.988324278007,98.44001071567384,99.08561110218238,99.2249606945572
2025-08-28,3196.32,798.43,69600.0,268500.0,122.0,149600.0,50.869998931884766,823.6666870117188,220711917402.0,-1.4164305949008529,3.26923076923078,6501.85986328125,21705.16015625,14.43000030517578,180.1699981689453,4.22,12.56,99.83074500221272,99.04225893541472,99.64539236709096,98.18370224066308,100.3153450953468,99.07313703307744
2025-08-29,3186.01,796.91,69700.0,269000.0,119.01000213623048,149000.0,52.470001220703125,865.3333129882812,221550698191.0,0.1436781609195359,0.1862197392923592,6460.259765625,21455.55078125,15.359999656677246,174.17999267578125,4.23,14.37,101.01790781998858,100.30778463127665,99.80871946536324,97.4127067848014,99.28009761716886,99.88329795805922
2025-09-01,3142.93,785.0,67600.0,256000.0,,145000.0,,892.0,222226687398.0,-3.012912482065999,-4.832713754646845,,,,,4.23,,96.3636170175388,101.86970183900792,100.66802982959248,96.03994174801026,97.96252532140068,96.95626225985382
2025-09-02,3172.35,794.0,69100.0,260500.0,118.4800033569336,143600.0,51.06999969482422,872.0,222602753445.0,2.2189349112426093,1.7578125,6415.5400390625,21279.630859375,17.170000076293945,170.77999877929688,4.28,17.85,101.61932942181406,102.5769227824882,102.43924966699686,100.00054551913024,101.2802427051694,100.66389537696128
2025-09-03,3184.42,796.81,69800.0,262500.0,118.72000122070312,143900.0,53.0099983215332,874.3333129882812,221859844995.0,1.013024602026058,0.7677543186180413,6448.259765625,21497.73046875,16.350000381469727,170.6199951171875,4.22,17.5,102.63070734126404,101.0713955672943,102.44965628954009,99.94073396769288,102.15723035831797,102.84640006454768
2025-09-04,3200.83,805.42,70100.0,265500.0,124.20999908447266,149400.0,62.5,875.3333129882812,221512482915.0,0.42979942693410766,1.1428571428571344,6502.080078125,21707.689453125,15.300000190734863,171.66000366210938,4.17,15.79,103.51065323553915,100.99704016619229,103.53396171080134,102.22712301208873,100.46129958364034,101.03251443075575
2025-09-05,3205.12,811.4,69500.0,273500.0,131.3699951171875,152800.0,68.55000305175781,1021.6666870117188,222209550069.0,-0.8559201141226769,3.0131826741996326,6481.5,21700.390625,15.180000305175781,167.02000427246094,4.1,15.29,104.16203428429219,98.55653129770965,105.55309022524739,100.71281437385069,100.34968311586627,103.72026752672954
2025-09-08,3219.59,818.6,70100.0,277000.0,131.4600067138672,153600.0,70.49500274658203,1050.0,222536751142.0,0.8633093525179936,1.279707495429605,6495.14990234375,21798.69921875,15.109999656677246,168.30999755859375,4.05,14.82,104.79289716191202,99.21446903507551,105.16344928891746,100.98977350701486,99.86927789258385,101.43173054857037
2025-09-09,3260.05,824.82,71500.0,288000.0,135.24000549316406,162000.0,70.51000213623047,1058.3333740234375,223424043421.0,1.9971469329529201,3.971119133573997,6512.60986328125,21879.490234375,15.039999961853027,170.75999450683594,4.08,14.44,107.14435498319648,98.13395280897555,104.99310178265503,103.24855302065376,101.98049505395639,103.58722729383942
2025-09-10,3314.53,833.0,72600.0,304000.0,140.0,174300.0,73.91999816894531,1161.6666259765625,223809740587.0,1.538461538461533,5.555555555555558,6532.0400390625,21886.060546875,15.350000381469727,177.3300018310547,4.04,13.26,110.51731908805992,100.07641670278967,105.23548187944593,101.78678147534015,106.87719593141685,112.04081508412287
2025-09-11,3344.2,834.76,73400.0,307000.0,150.57000732421875,182100.0,84.30000305175781,1335.0,224362433501.0,1.1019283746556363,0.9868421052631636,6587.47021484375,22043.0703125,14.710000038146973,177.1699981689453,4.01,12.98,107.62109610913906,104.30586352937824,105.88780597386246,99.23399278691971,104.69348863465764,111.48057438294828
2025-09-12,3395.54,847.08,75400.0,328500.0,157.22999572753906,197300.0,86.12999725341797,1480.0,224072245201.0,2.724795640326972,7.003257328990231,6584.2900390625,22141.099609375,14.760000228881836,177.82000732421875,4.06,12.36,111.786393367431,102.76284331000224,105.24128418448848,96.7680337599828,105.51065092279616,111.51275020801948
2025-09-15,3407.31,852.69,76500.0,331000.0,157.77000427246094,200500.0,90.08999633789062,,225012903598.0,1.458885941644561,0.7610350076103556,6615.27978515625,22348.75,15.6899995803833,177.75,4.05,13.61,109.21821434007502,104.17966348152524,101.71394531805018,95.5381873129576,104.01774226783512,111.96421868524084
2025-09-16,3449.62,851.84,79400.0,348000.0,158.82000732421875,206000.0,91.5500030517578,4705.0,225279335567.0,3.790849673202623,5.1359516616314105,6606.759765625,22333.9609375,16.360000610351562,174.8800048828125,4.04,14.76,120.71264620753584,110.05845024884984,109.51048554945504,96.76728118780068,107.64928158905576,119.4723028663105
2025-09-17,3413.4,845.53,78200.0,333500.0,159.99000549316406,200500.0,93.97000122070312,1480.0,227796571615.0,-1.5113350125944611,-4.166666666666663,6600.35009765625,22261.330078125,15.720000267028809,170.2899932861328,4.06,14.1,114.31295251851888,104.28144010897172,105.58907383556216,97.74033427466532,107.366863512412,110.0297497405339
2025-09-18,3461.3,857.11,80500.0,353000.0,168.88999938964844,208500.0,98.87000274658205,1506.6666259765625,228814799532.0,2.941176470588225,5.847076461769118,6631.9599609375,22470.720703125,15.699999809265137,176.24000549316406,4.11,13.49,118.6290806992584,103.86918907114404,105.84893083045272,101.31894093576592,106.63130649492815,111.57648982742128
2025-09-19,3445.24,863.11,79700.0,353000.0,162.72999572753906,216500.0,102.20999908447266,1510.0,230369524617.0,-0.9937888198757738,0.0,6664.35986328125,22631.48046875,15.449999809265137,176.6699981689453,4.14,13.29,120.46523149741412,102.94185128151578,105.84715748159437,96.95095136896371,107.85228594797044,109.74586532806067
2025-09-22,3468.65,874.36,83500.0,351000.0,164.6199951171875,215500.0,102.91999816894533,1606.6666259765625,231609945803.0,4.767879548306153,-0.5665722379603388,6693.75,22788.98046875,16.100000381469727,183.6100006103516,4.15,12.55,122.80896671669434,102.76956752738502,107.57538771524308,99.62437132912336,106.89754262057257,111.0242126199687
2025-09-23,3486.19,872.21,84700.0,361000.0,166.41000366210938,220000.0,106.4000015258789,,232866907567.0,1.4371257485029876,2.8490028490028463,6656.919921875,22573.470703125,16.639999389648438,178.42999267578125,4.12,14.08,129.73413838057604,100.40011564231204,107.7328115941897,104.76962610661349,108.7534502769435,114.71408523203223
2025-09-24,3472.14,860.94,85400.0,357500.0,161.7100067138672,217500.0,99.83000183105467,1650.0,233643126039.0,0.8264462809917328,-0.969529085872578,6637.97021484375,22497.859375,16.18000030517578,176.97000122070312,4.16,13.38,126.12850037601784,104.16239992021978,106.4648916282335,98.06105182103424,106.29000133062183,108.38324256218566
2025-09-25,3471.11,852.48,86100.0,356500.0,156.8300018310547,211000.0,94.29000091552734,1630.0,235199058247.0,0.8196721311475308,-0.2797202797202747,6604.72021484375,22384.69921875,16.739999771118164,177.69000244140625,4.18,13.47,129.13176729085507,101.94775088761227,104.60567605181268,104.60106584364854,108.57923900648821,110.4793100773804
2025-09-26,3386.05,835.19,83300.0,336500.0,157.27000427246094,195300.0,97.12000274658205,1465.0,235377895890.0,-3.2520325203251987,-5.610098176718092,6643.7001953125,22484.0703125,15.289999961853027,178.19000244140625,4.2,10.59,120.16752619844424,101.00216645712254,100.7580459500828,93.91870190669324,104.0429879446268,103.08626463070011
2025-09-29,3431.21,846.71,84200.0,349000.0,163.89999389648438,197100.0,113.5,1558.3333740234375,234632280232.0,1.0804321728691502,3.714710252600306,6661.2099609375,22591.150390625,16.1200008392334,181.8500061035156,4.15,10.47,122.0895926626706,102.52687018054546,104.10033174643854,95.8867183053457,107.2577541142342,103.95697369439178
2025-09-30,3424.6,841.99,83900.0,347500.0,167.32000732421875,201500.0,112.19999694824219,1625.0,234928396992.0,-0.3562945368171033,-0.42979942693409656,6688.4599609375,22660.009765625,16.280000686645508,186.5800018310547,4.16,9.82,127.58836374368988,105.16204146120234,102.1825993714087,100.81223256488596,107.91089429314161,109.3022471129677
2025-10-01,3455.83,845.34,86000.0,360000.0,182.14999389648438,205500.0,121.12000274658203,1568.3333740234375,233458390884.0,2.5029797377830842,3.597122302158273,6711.2001953125,22755.16015625,16.290000915527344,187.24000549316406,4.12,9.14,129.68198069034054,105.29817378015123,103.49894797462525,100.86166286630038,107.86723682015858,110.56257701356216
2025-10-02,3549.21,854.25,89000.0,395500.0,183.75,238000.0,124.13999938964844,1803.3333740234375,233412547626.0,3.488372093023262,9.861111111111121,6715.35009765625,22844.05078125,16.6299991607666,188.88999938964844,4.1,9.38,136.64271910641918,105.3784230445493,104.15261231347625,105.73783725234017,108.91976851472447,112.59718867910294
2025-10-03,,,,,187.8300018310547,,128.41000366210938,2060.0,,,,6715.7900390625,22780.509765625,16.649999618530273,187.6199951171875,4.13,9.22,,,,,,
2025-10-06,,,,,190.9600067138672,,121.16999816894533,2106.666748046875,,,,6740.27978515625,22941.669921875,16.3700008392334,185.5399932861328,4.18,7.43,,,,,,
2025-10-07,,,,,185.69000244140625,,120.9499969482422,1966.6666259765625,,,,6714.58984375,22788.359375,17.239999771118164,185.0399932861328,4.14,9.36,,,,,,
2025-10-08,,,,,196.5399932861328,,131.8800048828125,1960.0,,,,6753.72021484375,23043.380859375,16.299999237060547,189.1100006103516,4.13,7.75,,,,,,
2025-10-09,,,,,192.3300018310547,,129.67999267578125,2073.333251953125,,,,6735.10986328125,23024.630859375,16.43000030517578,192.57000732421875,4.14,7.84,,,,,,
2025-10-10,3610.6,859.49,94400.0,428000.0,181.6000061035156,247000.0,116.91000366210938,2053.333251953125,232437061599.0,,,6552.509765625,22204.4296875,21.65999984741211,183.16000366210932,4.05,14.57,143.4865617739289,103.31687464769178,103.18284102945192,98.57372690748232,104.56861024887718,115.08526015952536
2025-10-13,3584.55,860.49,93300.0,415000.0,192.7700042724609,245500.0,134.61000061035156,,232677475705.0,-1.165254237288138,-3.037383177570097,6654.72021484375,22694.609375,19.030000686645508,188.32000732421875,4.05,11.15,144.56415670236302,100.3489655292818,102.154125312432,97.72069502708024,103.60861594234724,111.8923502337517
2025-10-14,3561.81,847.96,91600.0,411500.0,187.05999755859375,234500.0,127.29000091552734,2000.0,235585612089.0,-1.8220793140407254,-0.8433734939759074,6644.31005859375,22521.69921875,20.809999465942383,180.02999877929688,4.03,14.01,148.12885522322279,94.58851287888936,102.06478560088532,108.4714243914306,103.91617386499496,115.91370215089322
2025-10-15,3657.28,864.72,95000.0,422500.0,191.94000244140625,243500.0,144.3000030517578,2106.666748046875,238288386788.0,3.7117903930131035,2.6731470230862753,6671.06005859375,22670.080078125,20.639999389648438,179.8300018310547,4.05,13.4,155.3719275681852,96.63752532605292,105.04011745037394,108.90765223094064,107.42060140861388,124.39030691991384
2025-10-16,3748.37,865.41,97700.0,452500.0,202.52999877929688,257500.0,144.27000427246094,2293.333251953125,237758215186.0,2.8421052631578902,7.100591715976323,6629.06982421875,22562.5390625,25.309999465942383,181.80999755859375,3.99,19.48,160.92512227170724,96.44586581778293,105.78171702646439,116.85721344958385,107.92679127693512,128.77888214441188
2025-10-17,3748.89,859.54,97900.0,465500.0,202.3800048828125,257500.0,140.16000366210938,2186.666748046875,238799686468.0,0.20470829068577334,2.872928176795586,6664.009765625,22679.970703125,20.780000686645508,183.22000122070312,4.02,13.02,159.31686937240383,94.84862368998753,104.35584250031587,122.86162843680415,107.50869345662619,125.35198989138087
2025-10-20,3814.69,875.77,98100.0,485500.0,206.77000427246094,262000.0,148.0399932861328,2383.333251953125,240551550585.0,0.20429009193054792,4.29645542427497,6735.1298828125,22990.5390625,18.229999542236328,182.63999938964844,4.0,9.15,164.9589085050689,98.01782564815109,106.1706687607883,124.80133348779322,110.31640008401885,130.34790943783156
2025-10-21,3823.84,872.5,97500.0,479000.0,202.2899932861328,256000.0,149.2899932861328,7040.0,239263127442.0,-0.6116207951070374,-1.3388259526261548,6735.35009765625,22953.669921875,17.8700008392334,181.1600036621093,3.98,9.35,161.6861194938764,108.48001903609268,108.27794637582038,118.6729962611976,107.16406617006804,132.52132175266829
2025-10-22,3883.68,879.15,98600.0,481500.0,198.47000122070312,258500.0,146.9499969482422,7310.0,242419540884.0,1.1282051282051286,0.5219206680584509,6699.39990234375,22740.400390625,18.600000381469727,180.27999877929688,3.97,10.22,162.5342079868292,113.37624231332254,109.3897586024732,124.47515976683006,107.16963750211522,134.30628226311782
2025-10-23,3845.56,872.03,96500.0,478500.0,206.7100067138672,253000.0,167.0500030517578,2456.666748046875,244199522659.0,-2.129817444219062,-0.6230529595015577,6738.43994140625,22941.80078125,17.299999237060547,182.1600036621093,4.01,9.01,155.89763361214324,110.2925138634774,105.7729851200697,123.30254762373288,106.63025300580269,136.69505540993288
2025-10-24,3941.59,883.08,98800.0,510000.0,219.0200042724609,271000.0,186.16000366210932,2926.666748046875,246518376070.0,2.3834196891191706,6.583072100313481,6791.68994140625,23204.869140625,16.3700008392334,186.259994506836,4.02,7.71,161.25725767948842,112.59345251432704,106.07476411449753,136.22619071057264,106.08160456256772,142.5799613776931
2025-10-27,4042.83,902.7,102000.0,535000.0,220.1000061035156,291500.0,176.49000549316406,3270.0,247766595219.0,3.238866396761142,4.90196078431373,6875.16015625,23637.4609375,15.789999961853027,191.4900054931641,4.01,7.4,165.29786514134423,116.93159522606508,110.37175032414832,134.91824639333277,107.75256961930576,145.8759884028966
2025-10-28,4010.41,903.3,99500.0,521000.0,221.91000366210935,272000.0,175.52999877929688,3126.666748046875,248230454436.0,-2.450980392156865,-2.61682242990654,6890.89013671875,23827.490234375,16.420000076293945,201.02999877929688,3.99,7.79,160.0253615490759,112.23868444529964,111.19372147820374,140.08805910483585,107.27738613388468,149.8442837666354
2025-10-29,4081.15,901.59,100500.0,558000.0,226.6300048828125,275000.0,204.36000061035156,3360.0,250968056769.0,1.005025125628145,7.101727447216888,6890.58984375,23958.470703125,16.920000076293945,207.0399932861328,4.08,7.56,168.68995007507448,110.51001175629875,109.14326460509815,150.16245782051274,108.54416966663663,160.04414331905545
2025-10-30,4086.89,890.86,104100.0,568000.0,224.00999450683594,281000.0,195.82000732421875,3633.333251953125,252725951111.0,3.5820895522387985,1.7921146953405076,6822.33984375,23581.140625,16.90999984741211,202.88999938964844,4.11,10.98,172.3790219976824,112.54417195712286,109.09123544949267,145.81142910802015,108.09854713333672,166.11175660917138
2025-10-31,4107.5,900.42,107500.0,559000.0,223.7700042724609,260000.0,199.3300018310547,3608.333251953125,255268906801.0,3.2660902977905915,-1.5845070422535246,6840.2001953125,23724.9609375,17.440000534057617,202.4900054931641,4.11,12.53,165.6635693407714,113.03291229849135,112.0678414258628,134.0419585467053,106.17466704386123,158.9813498359852
2025-11-03,4221.87,914.55,111100.0,620000.0,234.6999969482422,282500.0,207.009994506836,,254618635101.0,3.3488372093023244,10.912343470482998,6851.97021484375,23834.720703125,17.170000076293945,206.8800048828125,4.13,11.91,172.04881353672693,117.27219297722084,115.11343055486198,136.29128737630384,106.58501116856571,175.65084886220313
2025-11-04,4121.74,926.57,104900.0,586000.0,218.02999877929688,274000.0,194.57000732421875,3586.666748046875,255117506389.0,-5.580558055805584,-5.483870967741932,6771.5498046875,23348.640625,19.0,198.69000244140625,4.1,16.27,172.1907273747343,111.21940597741572,114.56262690455334,143.38044451282582,112.11369980033834,177.48781418402177
2025-11-05,4004.42,901.89,100600.0,579000.0,237.5,260000.0,216.5,3515.0,258224650616.0,-4.099142040038128,-1.1945392491467532,6796.2900390625,23499.80078125,18.010000228881836,195.2100067138672,4.17,14.58,166.47357036828384,103.14670783608464,113.65611749097994,138.87832060353176,111.05137917328679,169.5808798821878
2025-11-06,4026.45,898.17,99200.0,593000.0,238.3300018310547,270000.0,207.69000244140625,11500.0,258781520166.0,-1.391650099403574,2.4179620034542326,6720.31982421875,23053.990234375,19.5,188.0800018310547,4.11,16.3,162.55729184725828,113.34507554725742,117.96191061742915,131.14259782488023,113.13189846638282,178.65082385153227
2025-11-07,3953.76,876.81,97900.0,580000.0,237.9199981689453,279000.0,239.47999572753903,12040.0,262165468631.0,-1.310483870967738,-2.1922428330522714,6728.7998046875,23004.5390625,19.07999992370605,188.1499938964844,4.11,15.01,161.42499039732334,103.97653489572524,117.161232302146,126.87438665818595,110.72264488341396,166.94893347938455
2025-11-10,4073.24,888.35,100600.0,606000.0,253.3000030517578,290000.0,267.95001220703125,4440.0,261197649526.0,2.75791624106232,4.482758620689653,6832.43017578125,23527.169921875,17.600000381469727,199.0500030517578,4.13,12.31,161.31181390323454,103.84329954712774,114.61861173284832,133.10598133745788,114.7855117302195,163.93413400857764
2025-11-11,4106.39,884.27,103500.0,619000.0,241.1100006103516,311500.0,271.5799865722656,13195.0,259917762037.0,2.882703777335993,2.1452145214521545,6846.60986328125,23468.30078125,17.280000686645508,193.1600036621093,4.13,12.77,165.75910317290035,110.24450170340036,114.83460788968767,132.936071770354,113.33167945549695,181.4282178774781
2025-11-12,4150.39,906.51,103100.0,617000.0,244.89999389648438,322500.0,283.1000061035156,4413.33349609375,260097656906.0,-0.38647342995169476,-0.3231017770597755,6850.919921875,23406.4609375,17.510000228881836,193.8000030517578,4.08,13.32,170.54449082784694,100.10608759886875,119.08142590547418,141.4509627106667,120.43376887193992,168.4652044479272
2025-11-13,4170.63,918.37,102800.0,612000.0,236.9499969482422,323500.0,243.57000732421875,4341.66650390625,262515000587.0,-0.2909796314258028,-0.8103727714748765,6737.490234375,22870.359375,20.0,186.8600006103516,4.11,16.65,164.68307677906466,103.67645356909756,116.44361432279484,137.52446638189875,117.74350729778617,164.12710106950624
2025-11-14,4011.57,897.9,97200.0,560000.0,246.8300018310547,291000.0,254.16000366210938,3341.666748046875,264033308008.0,-5.447470817120625,-8.496732026143794,6734.10986328125,22900.58984375,19.829999923706055,190.1699981689453,4.14,17.32,159.5923812998272,103.20721907908211,115.32534489723142,140.09608527294043,117.69773722834768,161.19499841303676
2025-11-17,4089.25,902.67,100600.0,606000.0,241.9499969482422,304500.0,265.8800048828125,3721.666748046875,266029433869.0,3.4979423868312765,8.214285714285708,6672.41015625,22708.0703125,22.3799991607666,186.6000061035156,4.13,21.66,161.1385049346767,108.10748379446254,115.25183960084256,134.04926238080623,113.4220162545179,160.0491689904349
2025-11-18,3953.62,878.7,97800.0,570000.0,228.5,283500.0,244.92999267578125,3420.0,267965677792.0,-2.7833001988071593,-5.940594059405946,6617.31982421875,22432.849609375,24.690000534057617,181.36000061035156,4.12,24.68,158.4203499750906,102.45307064855851,113.05728054809627,133.53362214301475,112.6457908655467,158.821317716181
2025-11-19,3929.51,871.32,96500.0,562000.0,225.9199981689453,283000.0,245.9600067138672,3611.666748046875,268358411787.0,-1.329243353783227,-1.403508771929829,6642.16015625,22564.23046875,23.65999984741211,186.52000427246094,4.13,22.51,156.01987973403237,99.86815259823699,111.89259824936792,132.90377896526508,113.59311853969754,158.07382222670972
2025-11-20,4004.85,891.94,100600.0,571000.0,201.3699951171875,293500.0,195.9600067138672,3778.333251953125,268471198615.0,4.248704663212433,1.6014234875444844,6538.759765625,22078.05078125,26.420000076293945,180.63999938964844,4.1,28.0,154.4923661964115,102.50196914212782,111.1052676422438,124.00548668185128,110.08343081762348,155.16595214848297
2025-11-21,3853.26,863.95,94800.0,521000.0,207.3699951171875,266000.0,200.27000427246094,3343.333251953125,267612467575.0,-5.765407554671964,-8.756567425569173,6602.990234375,22273.080078125,23.43000030517578,178.8800048828125,4.06,24.52,150.51829467257642,97.03876734859165,110.73715474547524,128.12160110698022,112.66841449833316,149.2017475755495
2025-11-24,3846.06,856.44,96700.0,520000.0,223.92999267578125,276000.0,226.9600067138672,,267617023086.0,2.004219409282704,-0.1919385796545158,6705.1201171875,22872.009765625,20.520000457763672,182.5500030517578,4.04,20.83,144.78550791765244,97.84423038138884,111.4093918764134,119.8310689043319,109.42265835620456,144.69930889177743
2025-11-25,3857.78,856.03,99300.0,519000.0,224.52999877929688,290500.0,220.5,9853.0,266669856824.0,2.6887280248190315,-0.1923076923076916,6765.8798828125,23025.58984375,18.559999465942383,177.82000732421875,4.01,15.76,150.36935990864103,99.53348700302467,108.94754303311667,118.23331246358184,109.9926912426433,157.24638290538948
2025-11-26,3960.87,877.32,102800.0,524000.0,230.25999450683594,291000.0,215.0399932861328,2795.333251953125,264921187692.0,3.5246727089627283,0.9633911368015502,6812.60986328125,23214.689453125,17.190000534057617,180.25999450683594,4.0,15.53,156.78684353234362,95.27005137152202,107.74801766920953,134.4939614667987,115.21839413040739,154.85262378113615
2025-11-27,3986.91,880.06,103500.0,544000.0,,301000.0,,3016.333251953125,264440818335.0,0.6809338521400754,3.8167938931297662,,,,,4.0,,151.3835750214863,96.04774049250364,109.87237310096548,128.69416470226167,112.40656809133816,154.19420018348688
2025-11-28,3926.59,912.67,100500.0,530000.0,236.47999572753903,298000.0,223.27999877929688,3135.333251953125,264450646973.0,-2.898550724637683,-2.573529411764708,6849.08984375,23365.689453125,16.350000381469727,177.0,4.02,14.97,150.23446711477237,93.85882719137204,111.57296980459428,123.97742181987785,112.9987950039292,150.06842840679363
2025-12-01,3920.37,922.38,100800.0,538000.0,240.4600067138672,302000.0,210.1699981689453,2960.666748046875,265823513199.0,0.29850746268655914,1.5094339622641506,6812.6298828125,23275.919921875,17.239999771118164,179.9199981689453,4.09,17.17,157.77468044441054,88.6467666662801,111.05673648324915,129.25414533681885,117.65309958162231,147.38958624526097
2025-12-02,3994.93,928.42,103400.0,558000.0,239.4900054931641,308500.0,205.3500061035156,3072.333251953125,267990373945.0,2.57936507936507,3.7174721189590976,6829.3701171875,23413.669921875,16.59000015258789,181.4600067138672,4.09,16.72,153.99270659283857,91.02472434600352,110.79646268129324,124.99481057043606,119.61061860598628,151.85117144080357
2025-12-03,4036.3,932.01,104500.0,552000.0,234.16000366210938,310500.0,194.3800048828125,3003.666748046875,268310124034.0,1.0638297872340496,-1.0752688172043001,6849.72021484375,23454.08984375,16.079999923706055,179.58999633789062,4.06,14.7,160.15531937206129,92.04154559334823,109.94170616811874,131.41222732995385,120.55516227478076,159.50576261476084
2025-12-04,4028.51,929.83,105100.0,542000.0,226.64999389648438,312500.0,213.30999755859375,3023.333251953125,268958741952.0,0.574162679425827,-1.8115942028985477,6857.1201171875,23505.140625,15.779999732971191,183.3800048828125,4.11,14.04,157.30389553384816,90.70345511845834,110.11720721675232,129.33960223533268,118.69311817977498,156.5863709612471
2025-12-05,4100.05,924.74,108400.0,544000.0,237.22000122070312,302000.0,228.47000122070312,3143.333251953125,270763094261.0,3.1398667935299773,0.36900369003689537,6870.39990234375,23578.130859375,15.40999984741211,182.41000366210938,4.14,13.54,159.39524923850126,92.79604342090002,106.15513578743557,132.1069452554878,120.19292061074121,166.16352500959584
2025-12-08,4154.85,927.79,109500.0,577000.0,246.9199981689453,322000.0,225.47000122070312,3383.333251953125,273554665201.0,1.0147601476014678,6.066176470588225,6846.509765625,23545.900390625,16.65999984741211,185.5500030517578,4.17,15.36,163.82807905274305,96.30007369640549,105.69443166811476,135.9180434815445,117.8517634759931,166.17766901069842
2025-12-09,4143.55,931.35,108400.0,566000.0,252.4199981689453,323000.0,219.4600067138672,3291.333251953125,273334867240.0,-1.0045662100456654,-1.9064124783362169,6840.509765625,23576.490234375,16.93000030517578,184.97000122070312,4.18,16.55,155.62568461742524,100.88141218508868,106.5195755118236,128.68086455526958,114.74587789584034,158.81935133002182
2025-12-10,4135.0,935.0,108000.0,587000.0,263.7099914550781,324000.0,232.8600006103516,3156.666748046875,274064974249.0,-0.3690036900368953,3.7102473498233257,6886.68017578125,23654.150390625,15.770000457763672,183.77999877929688,4.13,13.67,156.93696565085415,98.64791401899004,106.08458642620243,128.9298242224634,113.16069900804774,159.42621734432936
2025-12-11,4110.62,934.64,107300.0,565000.0,258.4599914550781,307500.0,241.6100006103516,3203.333251953125,273912149652.0,-0.6481481481481532,-3.747870528109032,6901.0,23593.859375,14.850000381469728,180.92999267578125,4.14,11.55,154.4115925352654,97.16195870771912,106.40729328900052,126.15704399149496,113.10339708834778,159.72521438954
2025-12-12,4167.16,937.34,108900.0,571000.0,241.13999938964844,308000.0,206.17999267578125,3296.666748046875,273795924788.0,1.491146318732528,1.0619469026548645,6827.41015625,23195.169921875,15.739999771118164,175.02000427246094,4.19,13.86,155.31872005292928,100.18302273451386,106.3859110736829,127.0461880124385,114.11115247356948,162.08737728729736
2025-12-15,4090.59,938.83,104800.0,554000.0,237.5,292500.0,201.8699951171875,3066.666748046875,274187843941.0,-3.7649219467401296,-2.977232924693518,6816.509765625,23057.41015625,16.5,176.2899932861328,4.18,16.2,151.1906659124183,97.64939015035873,108.57006193898548,125.79527486090576,113.12364050732114,155.18868988670425
2025-12-16,3999.13,916.11,102800.0,530000.0,232.50999450683594,281000.0,209.30999755859375,2896.0,273376872904.0,-1.9083969465648831,-4.332129963898912,6800.259765625,23111.4609375,16.479999542236328,177.72000122070312,4.15,16.99,152.99444191621143,92.0565008362852,106.82168356114761,126.07990827049773,114.77495537729237,157.96295453457267
2025-12-17,4056.41,911.07,107900.0,551000.0,225.52000427246094,283000.0,206.8300018310547,3100.0,275287794099.0,4.961089494163429,3.9622641509434064,6721.43017578125,22693.3203125,17.6200008392334,170.94000244140625,4.16,19.46,159.2097806167512,91.96935380566302,105.01724109524237,127.18101525165953,115.66028079435956,157.69361853311898
2025-12-18,3994.51,901.33,107600.0,552000.0,248.5500030517578,290500.0,219.4600067138672,3170.0,273445318640.0,-0.2780352177942591,0.1814882032667775,6774.759765625,23006.359375,16.8700008392334,174.13999938964844,4.12,18.2,157.38901530337725,89.58315302270321,104.6358078830563,118.03716902460287,114.86775195164168,151.34192216397147
2025-12-19,4020.55,915.27,106300.0,547000.0,265.9200134277344,290500.0,237.6100006103516,3113.333251953125,272660213768.0,-1.2081784386617112,-0.9057971014492794,6834.5,23307.619140625,14.90999984741211,180.9900054931641,4.16,13.75,150.3358695315455,96.09108656420814,108.73338899687776,114.27200190495664,113.76396973452088,149.4379107554132
2025-12-22,4105.93,929.14,110500.0,580000.0,276.5899963378906,315000.0,241.0500030517578,3375.0,272439295554.0,3.951081843838189,6.032906764168189,6878.490234375,23428.830078125,14.079999923706055,183.69000244140625,4.17,12.03,165.7683485874471,94.13505226626454,109.88631241427959,121.12367964573151,118.19825466318139,154.76053774300888
2025-12-23,4117.32,919.56,111500.0,584000.0,276.2699890136719,315000.0,244.89999389648438,3317.333251953125,272651309635.0,0.9049773755656076,0.6896551724137945,6909.7900390625,23561.83984375,14.0,189.2100067138672,4.18,12.75,166.9691091842002,98.34025080854802,109.0877395518059,120.5258808458642,116.66787338782376,152.08077004156627
2025-12-24,4108.62,915.2,111100.0,588000.0,286.67999267578125,321000.0,250.0800018310547,3535.0,272701097874.0,-0.3587443946188373,0.6849315068493178,6932.0498046875,23613.310546875,13.470000267028809,188.6100006103516,4.15,12.3,159.5278775897059,97.8889048054806,109.16822529980702,115.71253985301742,115.66927873456768,146.2998631346168
2025-12-25,,,,,,,,3598.333251953125,,,,,,,,4.15,,,,,,,
2025-12-26,4129.68,919.67,117000.0,599000.0,284.7900085449219,334500.0,250.0500030517578,3805.0,272475724643.0,,,6929.93994140625,23593.099609375,13.600000381469727,190.52999877929688,4.14,10.3,172.72392848354949,94.04661414456574,107.7037537200604,117.92786868255247,116.80630677855399,147.4359400057479
2025-12-29,4220.56,932.59,119500.0,640000.0,294.3699951171875,346000.0,244.25,3558.333251953125,272945095969.0,2.136752136752129,6.844741235392315,6905.740234375,23474.349609375,14.199999809265137,188.22000122070312,4.12,11.13,179.1791098785303,98.22207239077241,107.95069121115243,118.28848921160095,117.75665395693949,153.11874448926312
2025-12-30,4214.17,925.47,119900.0,651000.0,292.6300048828125,368000.0,240.22000122070312,3478.333251953125,272995475283.0,0.3347280334728086,1.7187499999999911,6896.240234375,23419.080078125,14.329999923706056,187.5399932861328,4.14,11.82,172.74894098517052,98.24907288996884,108.06537288861752,110.7819390694682,114.26279201011174,144.64471340354598
2025-12-31,,,,,285.4100036621094,,237.3800048828125,,272864687178.0,,,6845.5,23241.990234375,14.949999809265137,186.5,4.18,12.4,,,,,,
2026-01-01,,,,,,,,,,,,,,,,4.18,,,,,,,
2026-01-02,4309.63,945.57,128500.0,677000.0,315.4200134277344,392000.0,275.239990234375,,274206999892.0,,,6858.47021484375,23235.630859375,14.510000228881836,188.85000610351562,4.19,9.88,191.669038846144,97.42120265660756,112.85074745297787,112.80846735804863,116.04662379250593,157.3497906847416
2026-01-05,4457.52,957.5,138100.0,696000.0,312.1499938964844,416000.0,274.0799865722656,3783.333251953125,276223559668.0,7.470817120622564,2.8064992614475592,6902.0498046875,23395.8203125,14.899999618530273,188.1199951171875,4.17,8.75,204.6068289544743,101.84691759909977,114.72557855426139,116.48923575139618,117.90237068458995,163.28950371854785
2026-01-06,4525.48,955.97,138900.0,726000.0,343.42999267578125,432000.0,349.6300048828125,3866.666748046875,277962608792.0,0.5792903692976026,4.31034482758621,6944.81982421875,23547.169921875,14.75,187.24000549316406,4.18,8.34,216.92371465130097,105.6854578422865,116.6767480932183,117.88638896241252,119.01004072831469,158.45083861494123
2026-01-07,4551.06,947.39,141000.0,742000.0,339.54998779296875,429500.0,353.55999755859375,4230.0,278707594502.0,1.5118790496760237,2.203856749311295,6920.93017578125,23584.279296875,15.380000114440918,189.11000061035156,4.15,9.01,214.29981976753822,105.72286680006687,112.77911531239857,114.72191379412354,117.03554903665032,155.51372147786398
2026-01-08,4552.37,944.06,138800.0,756000.0,327.0199890136719,430500.0,334.5400085449219,4333.33349609375,281902937826.0,-1.5602836879432647,1.8867924528301883,6921.4599609375,23480.01953125,15.449999809265137,185.0399932861328,4.19,8.4,215.7821673245324,113.06182695889788,116.39594104597866,114.19647653652117,115.16729049015055,158.09769004602552
2026-01-09,4586.32,947.92,139000.0,744000.0,345.0899963378906,430500.0,377.4100036621094,4230.0,283497451030.0,0.14409221902016434,-1.5873015873015928,6966.27978515625,23671.349609375,14.489999771118164,184.86000061035156,4.18,6.79,210.52880558317446,119.33689534909523,118.0867455718824,112.59678686781504,116.36662425579088,157.54333828804576
2026-01-12,4624.79,949.81,138800.0,749000.0,345.8699951171875,427500.0,389.2699890136719,,285224081559.0,-0.14388489208633226,0.6720430107526987,6977.27001953125,23733.900390625,15.119999885559082,184.94000244140625,4.19,7.66,208.76364747029797,122.37696700672362,114.93768911874034,116.56335419742766,116.80843989656132,164.23748306474099
2026-01-13,4692.64,948.98,137600.0,738000.0,338.1300048828125,426500.0,389.80999755859375,4561.66650390625,286574405013.0,-0.8645533141210415,-1.4686248331108098,6963.740234375,23709.869140625,15.979999542236328,185.8099975585937,4.18,8.79,200.1104372881666,130.15727989107071,117.5045663684405,117.95690446971771,115.60997897254056,160.8197412202951
2026-01-14,4723.1,942.18,140300.0,742000.0,333.3500061035156,435500.0,387.80999755859375,4426.66650390625,285992928780.0,1.9622093023255793,0.5420054200542035,6926.60009765625,23471.75,16.75,183.13999938964844,4.15,9.75,212.2528585945435,123.47434625278211,115.02968679660886,119.41717919373289,119.47313413757263,174.2608384799966
2026-01-15,4797.55,951.16,143900.0,749000.0,336.6300048828125,429500.0,409.239990234375,4543.33349609375,287455797092.0,2.565930149679252,0.9433962264151052,6944.47021484375,23530.01953125,15.84000015258789,187.0500030517578,4.17,8.37,206.35615677041412,128.85993926193063,116.61631208550202,116.7711761949176,117.0790190830038,169.0530584869514
2026-01-16,4840.74,954.59,148900.0,756000.0,362.75,446500.0,413.6199951171875,4916.66650390625,289337863290.0,3.47463516330786,0.9345794392523256,6940.009765625,23515.390625,15.859999656677246,186.22999572753903,4.24,8.58,209.6124363419923,127.06134559273636,119.03375061524063,115.65400878259936,117.14620135389583,171.94505091008455
2026-01-19,4904.66,968.36,149300.0,764000.0,,435500.0,,5070.0,289950138262.0,0.2686366689053088,1.0582010582010692,,,,,4.24,,209.5771623891914,130.5726868146984,117.01659760459286,119.61318947808388,116.60136595593065,173.38816149323907
2026-01-20,4885.75,976.37,145200.0,743000.0,365.0,427000.0,453.1199951171875,5068.33349609375,290585535081.0,-2.746148693904893,-2.7486910994764413,6796.85986328125,22954.3203125,20.09000015258789,178.07000732421875,4.3,14.13,212.12063669002558,126.63166030332609,115.61562058573456,127.42705648933321,122.88343206670737,177.6915621580874
2026-01-21,4909.93,951.29,149500.0,740000.0,389.1099853515625,430000.0,501.2900085449219,5500.0,290821142297.0,2.9614325068870517,-0.40376850605652326,6875.6201171875,23224.8203125,16.899999618530273,183.32000732421875,4.26,10.33,212.51902957088922,124.74750096848001,107.56774848243921,125.03681710505083,123.77910550751666,173.11833055412473
2026-01-22,4952.53,970.35,152300.0,755000.0,397.5799865722656,446500.0,503.4400024414063,5970.0,289257447072.0,1.8729096989966496,2.027027027027017,6913.35009765625,23436.01953125,15.640000343322754,184.83999633789065,4.26,8.56,205.98438362354776,123.91940188889193,106.4924186540824,131.6628891531929,121.86246383251674,169.55182745495082
2026-01-23,4990.07,993.93,152100.0,767000.0,399.6499938964844,445500.0,473.8299865722656,5778.33349609375,290554097957.0,-0.1313197636244267,1.5894039735099286,6915.60986328125,23501.240234375,16.09000015258789,187.6699981689453,4.24,8.33,207.96747175016137,124.22078720776187,109.48838154953198,130.45922614162305,123.0814813973699,169.04416455809687
2026-01-26,4949.59,1064.41,152100.0,736000.0,389.0899963378906,441000.0,470.79998779296875,5816.66650390625,293466817972.0,0.0,-4.041720990873532,6950.22998046875,23601.359375,16.149999618530273,186.47000122070312,4.22,7.56,215.1971429171719,120.95142519135298,112.77240394906548,138.10990977050935,125.089190811626,171.45823074697392
2026-01-27,5084.85,1082.59,159500.0,800000.0,410.239990234375,473000.0,481.42999267578125,6150.0,292449959288.0,4.8652202498356445,8.695652173913038,6978.60009765625,23817.099609375,16.350000381469727,188.52000427246094,4.24,7.73,227.47300126693273,118.53300408969925,113.47431158264877,136.4790885745196,130.57616425644673,177.86895036650523
2026-01-28,5170.81,1133.52,162400.0,841000.0,435.2799987792969,504000.0,527.6300048828125,6315.0,295961662812.0,1.818181818181808,5.125000000000002,6978.02978515625,23857.44921875,16.350000381469727,191.5200042724609,4.26,7.34,231.5018268720334,123.74713112502506,117.98377620854949,133.34758881711934,124.7084503106785,180.4661613524189
2026-01-29,5221.25,1164.41,160700.0,861000.0,435.7900085449219,531000.0,539.2999877929688,19245.0,300924873733.0,-1.0467980295566504,2.378121284185486,6969.009765625,23685.119140625,16.8799991607666,192.509994506836,4.24,8.63,246.7869379616156,128.445992066896,120.13510550757374,129.3320743091869,125.14598850487766,191.05549796102616
2026-01-30,5224.36,1149.44,160500.0,909000.0,414.8800048828125,570000.0,576.25,7120.0,302778510702.0,-0.1244555071561959,5.574912891986061,6939.02978515625,23461.8203125,17.440000534057617,191.1300048828125,4.26,10.79,248.6385979825622,118.77843742034018,107.85033205836376,123.28101511571184,122.7870108213868,177.586760641794
2026-02-02,4949.67,1098.36,150400.0,830000.0,437.7999877929688,505000.0,665.239990234375,18360.0,304730643798.0,-6.292834890965738,-8.690869086908693,6976.43994140625,23592.109375,16.34000015258789,185.6100006103516,4.29,8.77,233.5916304635736,119.10687967751548,108.7271771711502,117.62660487199746,122.7477765444085,176.4896458860114
2026-02-03,5288.08,1144.33,167500.0,907000.0,419.4400024414063,546000.0,695.510009765625,6928.33349609375,305397658152.0,11.369680851063825,9.277108433734949,6917.81005859375,23255.189453125,18.0,180.33999633789065,4.28,10.81,247.9016508301577,118.8777240131906,107.3346048331376,120.1367557305164,129.09667462680164,177.0071470848937
2026-02-04,5371.1,1149.43,169100.0,900000.0,379.3999938964844,569000.0,584.5499877929688,6966.66650390625,309351800401.0,0.9552238805970116,-0.7717750826901848,6882.72021484375,22904.580078125,18.63999938964844,174.19000244140625,4.29,11.88,247.02388728246603,121.80832217622142,110.28708291354012,128.71294226179293,132.94955374615338,186.2170440450457
2026-02-05,5163.57,1108.41,159300.0,842000.0,382.8900146484375,534000.0,576.2000122070312,6510.0,307867924778.0,-5.795387344766412,-6.444444444444441,6798.39990234375,22540.58984375,21.770000457763672,171.8800048828125,4.21,17.37,244.6242711270702,111.60595548014494,109.56279946986953,131.8949897467503,135.70795897925592,183.8123929351554
2026-02-06,5089.14,1080.77,158600.0,839000.0,394.6900024414063,514000.0,597.9500122070312,6365.0,310994947814.0,-0.439422473320783,-0.3562945368171033,6932.2998046875,23031.2109375,20.3700008392334,185.41000366210932,4.22,11.86,235.73439821579333,110.52054090115207,107.42606589779056,122.19233994244748,136.88404411417835,171.37019108579926
2026-02-09,5298.04,1127.55,166400.0,887000.0,383.5,563000.0,583.4000244140625,6300.0,316076977441.0,4.918032786885251,5.721096543504167,6964.81982421875,23238.669921875,17.360000610351562,190.0399932861328,4.22,11.12,244.72110304158969,111.4710313987846,112.48168878178856,123.15368923148208,141.12567760140513,186.44376059577868
2026-02-10,5301.69,1115.2,165800.0,876000.0,373.25,543000.0,541.6400146484375,6281.66650390625,315607204230.0,-0.3605769230769273,-1.2401352874859106,6941.81005859375,23102.470703125,17.790000915527344,188.5399932861328,4.16,12.56,239.9259847108804,111.08694314751028,111.49189276348892,126.72019193748145,145.39840400575952,185.6062249798064
2026-02-11,5354.49,1114.87,167800.0,860000.0,410.3399963378906,532000.0,599.3400268554688,,313180097015.0,1.2062726176115701,-1.82648401826484,6941.47021484375,23066.470703125,17.649999618530273,190.0500030517578,4.18,11.89,246.74622954825222,108.2204671353419,113.17440774346493,132.52329652507063,155.11909112891774,197.503630524374
2026-02-12,5522.27,1125.99,178600.0,888000.0,413.9700012207031,570000.0,630.2899780273438,7058.33349609375,314664101292.0,6.436233611442188,3.255813953488373,6832.759765625,22597.150390625,20.81999969482422,186.94000244140625,4.09,15.84,247.9948156430839,110.850714572147,113.44029036793508,131.055497971668,157.37172315659643,190.62157853608613
2026-02-13,5507.01,1106.08,181200.0,880000.0,411.6600036621094,558000.0,626.5599975585938,7615.0,314766742108.0,1.4557670772676443,-0.9009009009009028,6836.169921875,22546.669921875,20.600000381469727,182.80999755859372,4.04,16.08,246.3028260522303,110.10464744106794,112.48108447593592,127.07605912023166,154.98510624910813,186.8869881360424
2026-02-16,,,,,,,,7433.33349609375,,,,,,,,4.04,,,,,,,
2026-02-17,,,,,399.7799987792969,,590.5900268554688,7456.66650390625,,,,6843.22021484375,22578.380859375,20.290000915527344,184.97000122070312,4.05,16.23,,,,,,
2026-02-18,,,,,420.9500122070313,,600.4000244140625,7140.0,,,,6881.31005859375,22753.630859375,19.6200008392334,187.97999572753903,4.09,15.32,,,,,,
2026-02-19,5677.25,1160.71,190000.0,894000.0,417.3500061035156,566000.0,621.0900268554688,7083.33349609375,315932288375.0,,,6861.89013671875,22682.73046875,20.229999542236328,187.89999389648438,4.08,16.48,264.6351787713848,113.17272153491366,116.16690867298017,139.5422402156864,157.08695372752422,196.1909689685459
2026-02-20,5808.53,1154.0,190100.0,949000.0,428.1700134277344,580000.0,649.969970703125,6853.33349609375,316384481077.0,0.052631578947370805,6.152125279642062,6909.509765625,22886.0703125,19.09000015258789,189.82000732421875,4.08,13.94,269.3940405502232,120.2725864119005,115.9823498291954,141.1357690441889,161.25398445048376,204.29580305954494
2026-02-23,5846.09,1151.99,193000.0,951000.0,420.9700012207031,580000.0,666.489990234375,,317123249509.0,1.525512887953706,0.21074815595363283,6837.75,22627.26953125,21.010000228881836,191.5500030517578,4.03,17.15,270.85483166613363,119.92616190282861,115.69338757574829,139.23391894540933,159.96580593338197,215.83569984370922
2026-02-24,5969.64,1165.0,200000.0,1005000.0,418.010009765625,617000.0,638.52001953125,7423.33349609375,319602075375.0,3.626943005181338,5.6782334384858135,6890.06982421875,22863.6796875,19.549999237060547,192.85000610351562,4.04,14.48,276.5946993562155,120.24018798937462,116.58197444756172,148.08826649523928,157.00039100434145,219.87974329828268
2026-02-25,6083.86,1165.25,203500.0,1018000.0,429.0,647000.0,632.3800048828125,7155.0,321340399898.0,1.750000000000007,1.2935323383084674,6946.1298828125,23152.080078125,17.93000030517578,195.55999755859372,4.05,10.73,268.9778014228219,120.8280404460159,114.85743091230376,145.81908685066992,153.3725264355992,213.1653661134911
2026-02-26,6307.27,1188.15,218000.0,1099000.0,415.55999755859375,679000.0,651.9000244140625,7080.0,323684877613.0,7.125307125307123,7.95677799607073,6908.85986328125,22878.380859375,18.6299991607666,184.88999938964844,4.02,13.77,314.8226290456718,117.18277200149625,114.95314389292744,154.22969100307003,154.638454724602,230.03994500193983
2026-02-27,6244.13,1192.78,216500.0,1061000.0,412.3699951171875,645000.0,635.3599853515625,7070.0,326689832233.0,-0.6880733944954143,-3.4576888080072754,6878.8798828125,22668.2109375,19.860000610351562,177.19000244140625,3.97,15.01,326.79751824911,118.31127185784129,114.88972236004892,158.2816631277318,149.15497685467176,222.98865426404006
2026-03-02,,,,,412.6700134277344,,619.0800170898438,7171.66650390625,,,,6881.6201171875,22748.859375,21.440000534057617,182.47999572753903,4.05,17.88,,,,,,
2026-03-03,5791.91,1137.7,195100.0,939000.0,379.6799926757813,581000.0,565.4099731445312,6733.33349609375,328040725278.0,,,6816.6298828125,22516.689453125,23.56999969482422,180.0500030517578,4.06,22.36,279.86387210384856,132.82964502249712,108.68713175146246,138.232379040246,143.5505385933778,199.0358081605066
2026-03-04,5093.54,978.44,172200.0,849000.0,400.7699890136719,507000.0,599.0599975585938,6415.0,331977905322.0,-11.737570476678627,-9.584664536741217,6869.5,22807.48046875,21.149999618530273,183.0399932861328,4.09,17.95,263.17451337044395,115.84981514793142,95.23569614699124,123.58363652234132,131.72091115043804,179.18564730946264
2026-03-05,5583.9,1116.41,191600.0,941000.0,397.0499877929688,566000.0,565.5900268554688,6766.66650390625,336945205257.0,11.265969802555166,10.83627797408717,6830.7099609375,22748.990234375,23.75,183.33999633789065,4.13,22.97,289.8513253849151,131.9872560903394,103.82507971618308,130.645967402054,136.8357016106507,193.7788370751627
2026-03-06,5584.87,1154.67,188200.0,924000.0,370.29998779296875,553000.0,527.3300170898438,6658.33349609375,327898962931.0,-1.7745302713987443,-1.8065887353878818,6740.02001953125,22387.6796875,29.489999771118164,177.82000732421875,4.15,30.93,308.9555410739656,137.0814569841616,103.82227762977224,138.82286584266907,137.9085501436122,199.42873090772085
2026-03-09,5251.87,1102.28,173500.0,836000.0,389.3200073242188,509000.0,588.72998046875,6010.0,316905079485.0,-7.810839532412328,-9.523809523809524,6795.990234375,22695.94921875,25.5,182.6499938964844,4.12,27.83,269.31531771568007,136.3156960926618,100.84921024109272,125.2144881032918,130.4920950765153,185.06160346784588
2026-03-10,5532.59,1137.68,187900.0,938000.0,403.1099853515625,554000.0,618.8900146484375,6523.33349609375,318033167282.0,8.299711815561949,12.200956937799036,6781.47998046875,22697.099609375,24.93000030517578,184.7700042724609,4.15,28.97,291.5278666266633,135.5400161402673,102.44294622103828,128.7753731479968,133.01432558837848,195.52464371690527
2026-03-11,5609.95,1136.83,190000.0,955000.0,418.6900024414063,565000.0,655.4299926757812,21380.0,,1.1176157530601305,1.8123667377398789,6775.7998046875,22716.130859375,24.229999542236328,186.02999877929688,4.21,29.18,285.83574646074646,137.7134293485559,101.5192324820442,126.5723196117264,137.01944682964142,199.2833414455088
2026-03-12,5583.25,1148.4,187900.0,930000.0,405.3500061035156,554000.0,618.8200073242188,7081.66650390625,321419423129.0,-1.1052631578947314,-2.617801047120416,6672.6201171875,22311.98046875,27.290000915527344,183.13999938964844,4.27,35.52,299.86820366157076,137.2374372839373,104.30833286586162,135.3093141048209,138.4830629861108,202.38740741220803
2026-03-13,5487.24,1152.96,183500.0,910000.0,426.1300048828125,534000.0,661.6199951171875,7021.66650390625,326833621175.0,-2.3416711016498115,-2.1505376344086,6632.18994140625,22105.359375,27.190000534057617,180.25,4.28,37.21,279.53991361461374,136.30260969670303,99.91187478947808,120.1784557282338,132.9418986615039,193.7092740939013
2026-03-16,5549.85,1138.29,188700.0,974000.0,441.7999877929688,562000.0,703.6300048828125,7538.33349609375,332191474149.0,2.833787465940052,7.03296703296703,6699.3798828125,22374.1796875,23.51000022888184,183.22000122070312,4.23,29.56,286.5553903453345,136.36710773099992,101.07117247711616,122.08314109406368,133.09831269933318,191.77489015076267
2026-03-17,5640.48,1136.94,193900.0,970000.0,461.6900024414063,587000.0,720.1699829101562,7203.33349609375,333316173939.0,2.755696873343938,-0.4106776180698102,6716.08984375,22479.529296875,22.3700008392334,181.92999267578125,4.2,29.5,288.53081104734514,133.28787580709886,102.52029901312213,125.54064383345474,135.0309744829033,196.9213308615261
2026-03-18,5925.03,1164.38,208500.0,1056000.0,461.7300109863281,630000.0,753.6900024414062,7796.66650390625,334875886522.0,7.529654461062396,8.865979381443289,6624.7001953125,22152.419921875,25.09000015258789,180.3999938964844,4.26,35.78,310.4784171077419,132.5124913037829,105.05406165695204,129.53874210027595,139.67925268069624,212.4506134436116
2026-03-19,5763.22,1143.48,200500.0,1013000.0,444.2699890136719,611000.0,772.0900268554688,7453.33349609375,333076262241.0,-3.83693045563549,-4.071969696969702,6606.490234375,22090.689453125,24.059999465942383,178.55999755859375,4.25,33.03,304.1464363747138,130.94998665825526,104.19724802309072,125.94894714412608,140.1844903416529,213.68978016534152
2026-03-20,5781.2,1161.52,199400.0,1007000.0,422.8999938964844,608000.0,709.7100219726562,,332550078447.0,-0.5486284289276777,-0.5923000987166804,6506.47998046875,21647.609375,26.780000686645508,172.6999969482422,4.39,38.7,303.8890198408008,125.72748781630617,102.07230620813674,125.18136450069682,141.35756273741362,215.4842130994752
2026-03-23,5405.75,1096.89,186300.0,933000.0,404.3500061035156,557000.0,702.489990234375,7155.0,333486181100.0,-6.569709127382151,-7.348560079443889,6581.0,21946.759765625,26.149999618530277,175.63999938964844,4.34,37.61,286.303534557019,119.40263083223994,96.48033167052472,119.56307288650764,131.21852445879534,205.10819861775568
2026-03-24,5553.92,1121.44,189700.0,986000.0,395.5299987792969,595000.0,702.47998046875,7033.33349609375,334218548254.0,1.8250134192163256,5.680600214362275,6556.3701171875,21761.890625,26.950000762939453,175.1999969482422,4.39,37.49,291.8744323189021,122.49227574324703,100.0857720338987,127.73056810756806,132.3786048419335,207.13397272770172
2026-03-25,5642.21,1159.55,189000.0,995000.0,382.0899963378906,605000.0,677.8599853515625,7481.66650390625,330285238473.0,-0.36900369003689537,0.9127789046653234,6591.89990234375,21929.8203125,25.329999923706055,178.67999267578125,4.33,34.76,307.7680189968047,127.8506032716559,101.61637484796879,135.7270221113431,137.94956572342957,228.4334952111563
2026-03-26,5460.46,1136.64,180100.0,933000.0,355.4599914550781,558000.0,603.1699829101562,7055.0,327524160298.0,-4.708994708994707,-6.23115577889447,6477.16015625,21408.080078125,27.440000534057617,171.24000549316406,4.42,36.19,275.2022337020514,128.6823951567988,102.63856091864788,127.35834556737676,136.47988219653774,217.7276980866763
2026-03-27,5438.87,1141.51,179700.0,922000.0,357.2200012207031,544000.0,615.8300170898438,6756.66650390625,327844738702.0,-0.2220988339811214,-1.1789924973204746,6368.85009765625,20948.359375,31.049999237060547,167.52000427246094,4.44,41.68,272.83423675342044,126.55578268523468,103.4261581237832,129.0224295366426,137.40343853263613,204.28955032540887
2026-03-30,5277.3,1107.05,176300.0,873000.0,321.79998779296875,510000.0,572.5,6673.33349609375,326017629323.0,-1.892042292710072,-5.314533622559658,6343.72021484375,20794.640625,30.61000061035156,165.1699981689453,4.35,37.8,260.58957241373497,121.28968526548138,99.56932317082877,132.18474593181452,132.70087206940974,194.89061202460343
2026-03-31,5052.46,1052.39,167200.0,807000.0,337.8399963378906,466500.0,635.3400268554688,6360.0,329226153612.0,-5.161656267725467,-7.560137457044669,6528.52001953125,21590.630859375,25.25,174.39999389648438,4.3,28.11,257.6563477789263,113.68246961687883,96.63280461235085,133.1586045836277,132.86497123065095,190.4709627643088
2026-04-01,5478.7,1116.18,189600.0,893000.0,367.8500061035156,501000.0,692.72998046875,7266.66650390625,329810214998.0,13.397129186602875,10.656753407682773,6575.31982421875,21840.94921875,24.540000915527344,175.75,4.33,26.08,284.76315433073086,126.05368129396416,101.98701190223699,139.6998847921127,139.3202681403127,206.72023773004207
2026-04-02,5234.05,1056.34,178400.0,830000.0,366.239990234375,469500.0,701.5900268554688,7031.66650390625,327255059314.0,-5.907172995780585,-7.054871220604708,6582.68994140625,21879.1796875,23.8700008392334,177.38999938964844,4.31,25.0,254.37690046694647,125.36675471413491,96.79327443691426,129.79347616367448,133.18925416500775,189.172817075064
2026-04-03,5377.3,1063.75,186200.0,876000.0,,483000.0,,7283.33349609375,324439830772.0,4.372197309417047,5.542168674698789,,,,,4.35,,275.25831338351486,134.15380179427606,98.52443001949014,140.07800032361453,136.1580885813735,199.57444878042517
2026-04-06,5450.33,1047.37,193100.0,886000.0,377.760009765625,487000.0,724.6300048828125,7600.0,328459017320.0,3.705692803437155,1.1415525114155225,6611.830078125,21996.33984375,24.170000076293945,177.63999938964844,4.34,24.08,264.5248941706172,129.75984287397293,95.83117917471397,134.6115893650979,134.76167256375632,196.6399553675768
2026-04-07,5494.78,1036.73,196500.0,916000.0,377.5799865722656,499000.0,710.7999877929688,7756.66650390625,326576809968.0,1.7607457276022753,3.3860045146726803,6616.85009765625,22017.849609375,25.780000686645508,178.10000610351562,4.33,25.7,280.6374041970485,132.8915201634236,97.70632802770031,145.65882465796875,136.64116442241104,202.8408255257153
2026-04-08,5872.34,1089.85,210500.0,1033000.0,406.7300109863281,578000.0,780.9000244140625,9200.0,327300052730.0,7.124681933842236,12.772925764192134,6782.81005859375,22634.990234375,21.040000915527344,182.0800018310547,4.29,17.27,309.6814215490615,133.92053866147555,101.64377710049689,148.91143246405994,144.27824606549262,217.04882504864702
2026-04-09,5778.01,1076.0,204000.0,998000.0,421.510009765625,560000.0,851.5700073242188,9233.3330078125,327200174770.0,-3.0878859857482177,-3.388189738625358,6824.66015625,22822.419921875,19.489999771118164,183.91000366210938,4.29,14.25,304.3725549121766,134.1698839881634,101.4061315312139,152.8977834824955,143.51289304928613,215.00266090948554
2026-04-10,5858.87,1093.63,206000.0,1027000.0,420.5899963378906,568000.0,851.77001953125,10046.6669921875,329014305666.0,0.9803921568627416,2.905811623246501,6816.89013671875,22902.890625,19.229999542236328,188.6300048828125,4.31,13.58,295.42154647785827,139.52514761844907,102.4799430646384,145.46715312319498,144.06666150020163,213.69032360817152
2026-04-13,5808.62,1099.84,201000.0,1040000.0,426.55999755859375,580000.0,952.5,10423.3330078125,332168177507.0,-2.4271844660194164,1.265822784810133,6886.240234375,23183.740234375,19.1200008392334,189.3099975585937,4.3,12.39,288.0566440184287,139.71605253452526,100.10153293671252,142.70022097452403,143.67660877623382,230.29621284299884
2026-04-14,5967.75,1121.88,206500.0,1103000.0,465.6600036621094,640000.0,944.4600219726562,11666.6669921875,332824454992.0,2.736318407960203,6.057692307692308,6967.3798828125,23639.080078125,18.360000610351562,196.50999450683594,4.26,11.58,312.93164960119174,139.06384927635435,101.14419912921916,148.38163843144838,147.6503178339294,244.89910934732805
2026-04-15,6091.39,1152.43,211000.0,1136000.0,456.2300109863281,665000.0,891.719970703125,10803.3330078125,333566775298.0,2.1791767554479424,2.991840435176796,7022.9501953125,24016.01953125,18.170000076293945,198.8699951171875,4.29,11.05,306.95316826790787,138.69336018631836,105.260115964272,143.6620880476342,146.1519695181208,238.64932733557205
2026-04-16,6226.05,1162.97,217500.0,1155000.0,457.2300109863281,690000.0,919.469970703125,33870.0,338722664730.0,3.08056872037914,1.6725352112676006,7041.27978515625,24102.69921875,17.940000534057617,198.3500061035156,4.32,10.94,312.71245092958253,138.4832858362156,103.94511398333196,141.90705193475202,146.95608737535437,236.90596727505783
2026-04-17,6191.92,1170.04,216000.0,1128000.0,455.0700073242188,682000.0,920.989990234375,10176.6669921875,340279323001.0,-0.6896551724137945,-2.3376623376623384,7126.06005859375,24468.48046875,17.479999542236328,201.67999267578125,4.26,10.84,308.45615101214946,137.4796592634683,104.19953270750274,148.91351682739747,148.57703828241102,239.37215611276693
2026-04-20,6219.09,1174.85,214500.0,1166000.0,448.4200134277344,701000.0,913.02001953125,10170.0,342592380034.0,-0.694444444444442,3.3687943262411313,7109.14013671875,24404.390625,18.8700008392334,202.05999755859375,4.26,12.47,325.9471630543221,138.92380243987867,103.71090439376401,162.77816214707988,150.8310758190115,250.09259796946444
2026-04-21,6388.47,1179.03,219000.0,1224000.0,449.3800048828125,718000.0,903.489990234375,10913.3330078125,346946347437.0,2.0979020979021046,4.97427101200687,7064.009765625,24259.9609375,19.5,199.8800048828125,4.3,12.75,336.61004069090745,140.47329676044768,103.23607563618141,182.8481301438528,150.7795087976765,248.5498176613209
2026-04-22,6417.93,1181.12,217500.0,1223000.0,487.4800109863281,720000.0,979.0700073242188,11600.0,348106889749.0,-0.6849315068493178,-0.08169934640522847,7137.89990234375,24657.5703125,18.920000076293945,202.5,4.3,11.53,336.86739102740887,150.7868401289172,101.93842670630234,185.39283719800346,147.6158505760853,257.03624214007397
2026-04-23,6475.81,1174.31,224500.0,1225000.0,481.7200012207031,728000.0,932.4299926757812,11793.3330078125,350799184504.0,3.218390804597693,0.16353229762877675,7108.39990234375,24438.5,19.309999465942383,199.63999938964844,4.34,12.68,342.5868816674985,148.16527062331272,101.17967039580466,180.28636903171562,148.64320299537405,273.9288648082865
2026-04-24,6475.63,1203.84,219500.0,1222000.0,496.7200012207031,725000.0,989.9000244140625,11526.6669921875,354630089951.0,-2.2271714922049046,-0.2448979591836764,7165.080078125,24836.599609375,18.709999084472656,208.27000427246094,4.31,11.17,343.40663401889026,151.94669367909387,102.98835696426568,182.60488048369416,149.48429848569194,292.68220318481747
2026-04-27,6615.03,1226.18,224500.0,1292000.0,524.5599975585938,789000.0,1070.199951171875,11823.3330078125,355377553349.0,2.277904328018221,5.728314238952548,7173.91015625,24887.099609375,18.020000457763672,216.6100006103516,4.35,9.2,360.6085399581894,151.66523900784696,103.86680062389745,170.90281451647735,144.63803891678108,309.9503958776581
2026-04-28,6641.02,1215.58,222000.0,1300000.0,504.2900085449219,811000.0,1002.3499755859376,12106.6669921875,356896547825.0,-1.1135857461024523,0.6191950464396356,7138.7998046875,24663.80078125,17.829999923706055,213.1699981689453,4.36,10.18,358.62096804544706,147.81040396190934,103.95440722213696,175.34081444145784,146.75620630894596,305.0534714572848
2026-04-29,6690.9,1220.26,226000.0,1293000.0,518.4600219726562,830000.0,1064.2099609375,,360682497064.0,1.8018018018018056,-0.5384615384615432,7135.9501953125,24673.240234375,18.809999465942383,209.25,4.42,11.28,371.76247883071187,150.0811574759915,105.29180038906429,196.46552031283565,149.81814297059537,323.1167788914512
2026-04-30,6598.87,1192.35,220500.0,1286000.0,517.1599731445312,841000.0,1096.510009765625,12520.0,357130793324.0,-2.433628318584069,-0.5413766434648082,7209.009765625,24892.310546875,16.889999389648438,199.57000732421875,4.4,10.63,354.88804402031514,150.4031543190087,104.3132818244761,183.01847028803277,146.7513648317868,324.15414688550743
2026-05-01,,,,,542.2100219726562,,1187.0,12136.6669921875,,,,7230.1201171875,25114.439453125,16.989999771118164,198.4499969482422,4.39,12.13,,,,,,
2026-05-04,6936.99,1213.74,232500.0,1447000.0,576.4500122070312,991000.0,1255.8599853515625,,358389188886.0,,,7200.75,25067.80078125,18.290000915527344,198.47999572753906,4.45,14.17,396.4722046240536,151.7301200662575,104.44875847969723,196.48860619079204,148.0254650291851,366.2397408872758
2026-05-05,,,,,640.2000122070312,,1406.3199462890625,,,,,7259.22021484375,25326.130859375,17.3799991607666,196.5,4.43,11.96,,,,,,
2026-05-06,7384.56,1210.17,266000.0,1601000.0,666.5900268554688,1089000.0,1409.97998046875,,354297678654.0,,,7365.1201171875,25838.939453125,17.389999389648438,207.8300018310547,4.36,11.41,431.1143119504123,148.48391584282325,105.51282988060768,196.08592492931072,146.956257806782,384.95893838544987
2026-05-07,7490.05,1199.18,271500.0,1654000.0,646.6300048828125,1099000.0,1339.9599609375,14470.0,355071867684.0,2.0676691729323293,3.3104309806371024,7337.10986328125,25806.19921875,17.079999923706055,211.5,4.41,10.9,436.0048943653595,141.72920321771264,104.01516751911129,193.5825099944205,149.74514427157703,388.70737882552726
2026-05-08,7498.0,1207.72,268500.0,1686000.0,746.8099975585938,1098000.0,1562.3399658203125,14830.0,359500179458.0,-1.104972375690605,1.93470374848852,7398.93017578125,26247.080078125,17.190000534057617,215.1999969482422,4.38,10.08,436.31740264599455,137.60598155841166,101.0686190895255,190.78736214589313,148.4458951938709,383.1529866822813
2026-05-11,7822.24,1207.34,285500.0,1880000.0,795.3300170898438,1187000.0,1547.56005859375,15313.3330078125,359985002786.0,6.331471135940414,11.506524317912216,7412.83984375,26274.130859375,18.3799991607666,219.44000244140625,4.42,10.65,445.3541227181086,143.97887204382775,97.8666284338651,181.31799718041637,144.09174049133537,362.5352624895828
2026-05-12,7643.15,1179.29,279000.0,1835000.0,766.5800170898438,1126000.0,1452.02001953125,15366.6669921875,362677384805.0,-2.276707530647981,-2.393617021276595,7400.9599609375,26088.19921875,17.989999771118164,220.77999877929688,4.46,10.55,448.3729328512937,140.47731651941845,96.86994928549659,177.03093744898936,143.9303873648168,358.7735252126674
2026-05-13,7844.01,1176.93,284000.0,1976000.0,803.6300048828125,1190000.0,1447.22998046875,16833.333984375,360740046889.0,1.7921146953405076,7.683923705722062,7444.25,26402.33984375,17.8700008392334,225.8300018310547,4.46,9.44,453.79666048623744,143.39354715883098,97.07107834918952,168.99149007678406,139.1194771955433,342.5017041577004
2026-05-14,7981.41,1191.09,296000.0,1970000.0,776.010009765625,1171000.0,1382.719970703125,16153.3330078125,364697841812.0,4.225352112676051,-0.30364372469635637,7501.240234375,26635.220703125,17.260000228881836,235.74000549316406,4.47,8.56,480.986269946185,138.9186947674563,100.8481722764216,177.7405955055073,145.57518440955715,344.620453507412
2026-05-15,7493.18,1129.82,270500.0,1819000.0,724.6599731445312,1098000.0,1407.6099853515625,14816.6669921875,365675157669.0,-8.614864864864868,-7.664974619289344,7408.5,26225.140625,18.43000030517578,225.32000732421875,4.59,10.83,439.29832731765913,132.21753146977903,98.2176846966205,170.73850268123476,141.95025367542465,318.88100637992653
2026-05-18,7516.04,1111.09,281000.0,1840000.0,681.5399780273438,1093000.0,1333.010009765625,17150.0,363966548077.0,3.881700554528656,1.1544804837823053,7403.0498046875,26090.73046875,17.81999969482422,222.32000732421875,4.61,10.97,413.3846794027496,132.918979579666,95.95645639294862,162.19970128288602,135.60763932320663,302.68227650602427
2026-05-19,7271.66,1084.36,275500.0,1745000.0,698.739990234375,1020000.0,1383.2900390625,49770.0,358560699947.0,-1.95729537366548,-5.163043478260865,7353.60986328125,25870.7109375,18.059999465942383,220.6100006103516,4.67,12.31,393.472896389907,132.04326809698887,93.0783266139834,150.8671083288662,135.02481656267395,285.257533270521
2026-05-20,7208.95,1056.07,276000.0,1745000.0,731.989990234375,1029000.0,1392.56005859375,17096.666015625,362370239551.0,0.1814882032667775,0.0,7432.97021484375,26270.359375,17.440000534057617,223.47000122070312,4.57,10.79,393.0891863939441,131.96798990942318,92.96837932876532,147.35095892960334,136.0063850070827,283.1852476911218
2026-05-21,7815.59,1105.97,299500.0,1940000.0,762.0999755859375,1179000.0,1542.239990234375,18446.666015625,364723799846.0,8.514492753623193,11.174785100286533,7445.72021484375,26293.099609375,16.760000228881836,219.50999450683594,4.57,10.82,454.45931358699204,135.11290481695949,94.49649421521822,166.27191479018128,141.13540580746442,327.9246003873328
2026-05-22,7847.71,1161.13,292500.0,1941000.0,751.0,1185000.0,1478.68994140625,19133.333984375,363555237906.0,-2.3372287145242088,0.051546391752577136,7473.47021484375,26343.970703125,16.700000762939453,215.3300018310547,4.56,10.92,449.55924650102764,140.90167037728364,99.55855042834128,171.40936366991542,145.44765065466532,337.2916762245397
2026-05-25,,,,,,,,21816.666015625,,,,,,16.59000015258789,,4.56,,,,,,,
2026-05-26,8047.51,1172.52,299000.0,2052000.0,895.8800048828125,1181000.0,1589.550048828125,20820.0,362547872252.0,,,7519.1201171875,26656.1796875,17.010000228881836,214.8600006103516,4.5,10.16,450.7740811891868,148.06661782813035,98.66311023147134,162.6279477278676,139.74131152449723,322.1544213564541
2026-05-27,8228.7,1133.13,307000.0,2243000.0,928.4099731445312,1276000.0,1589.93994140625,20183.333984375,366900355958.0,2.6755852842809347,9.307992202729045,7520.35986328125,26674.73046875,16.290000915527344,212.6000061035156,4.48,9.0,463.7712280713165,145.95825328907495,98.1686071311688,156.82587286829695,137.77615179796763,305.0659551790838
2026-05-28,8185.29,1104.36,299500.0,2289000.0,923.52001953125,1237000.0,1641.6400146484375,20426.666015625,370687183027.0,-2.442996742671011,2.0508247882300434,7563.6298828125,26917.470703125,15.739999771118164,214.25,4.45,8.14,473.825222233652,137.34386126733466,95.32519043804844,175.82665469649035,137.31234744820438,300.8620476742894
2026-05-29,8476.15,1074.8,317000.0,2333000.0,971.0,1233000.0,1694.97998046875,21950.0,380226811870.0,5.843071786310516,1.9222367846221111,7580.06005859375,26972.619140625,15.319999694824219,211.13999938964844,4.45,6.33,479.1715662713408,133.23245921905462,95.69594841724596,181.0713444139919,137.4162880096688,298.13449934834256
2026-06-01,8788.38,1050.03,349000.0,2363000.0,1035.5,1256000.0,1761.4300537109375,24166.666015625,376811690126.0,10.094637223974768,1.2858979854264874,7599.9599609375,27086.810546875,16.049999237060547,224.3600006103516,4.47,6.02,474.1964158215234,132.80089742394767,94.79698179371542,167.36451921851358,133.8617480047817,303.7581041247908
2026-06-02,8801.49,1026.03,360500.0,2360000.0,1064.0999755859375,1346000.0,1716.3599853515625,25846.666015625,377091277972.0,3.2951289398280847,-0.12695725772323696,7609.77978515625,27093.900390625,15.770000457763672,222.82000732421875,4.46,5.86,491.498566981715,123.92275801557038,91.95733369811154,167.54137095291722,140.69893570896994,287.0793302118453
2026-06-03,,,,,1079.5699462890625,,1831.5,26026.666015625,,,,7553.68017578125,26853.98046875,16.059999465942383,214.75,4.49,6.32,,,,,,
2026-06-04,8639.41,1049.73,351500.0,2298000.0,996.0,1361000.0,1759.6800537109375,25640.0,377375972635.0,,,7584.31005859375,26830.9609375,15.399999618530272,218.66000366210935,4.47,6.91,473.0406964932724,124.8391180453423,91.18618068792836,159.01487235648537,142.49961596010152,276.1603491375949
2026-06-05,8160.59,1002.44,329000.0,2070000.0,864.010009765625,1258000.0,1559.3199462890625,26046.666015625,378383770286.0,-6.401137980085347,-9.921671018276768,7383.740234375,25709.4296875,21.510000228881836,205.10000610351562,4.55,14.52,459.8470722190857,122.0922862374295,88.45060592039118,160.41084397170272,151.8923246766419,274.1489832081021
2026-06-08,7484.41,911.39,295500.0,1911000.0,949.280029296875,1118000.0,1642.0,23960.0,377903955093.0,-10.182370820668696,-7.681159420289852,7405.72998046875,25929.66015625,18.920000076293945,208.63999938964844,4.56,11.97,419.7994036792246,115.33509678575432,82.25379881933456,145.4311411428059,137.29595430192373,256.49324348508264
2026-06-09,8096.93,967.81,322000.0,2215000.0,935.8900146484376,1269000.0,1646.5400390625,25483.333984375,379290181974.0,8.967851099830803,15.907901622187335,7386.64990234375,25678.8203125,19.8700008392334,208.19000244140625,4.53,13.65,456.3079999154695,118.12945724548928,87.25614703745254,141.86276087004086,139.87593024749253,264.68257599436856
2026-06-10,7730.82,951.63,302500.0,2048000.0,891.8800048828125,1183000.0,1643.22998046875,70500.0,,-6.055900621118015,-7.539503386004521,7266.990234375,25169.5,22.21999931335449,200.4199981689453,4.55,17.8,413.1239603497211,128.93111209804,82.53963702349513,134.0381133773882,133.0292171843762,264.06892706698125
2026-06-11,7763.95,996.93,299000.0,2101000.0,995.8699951171876,1228000.0,1881.510009765625,75440.0,366564739478.0,-1.157024793388428,2.587890625,7394.2998046875,25809.66015625,19.440000534057617,204.8699951171875,4.45,13.18,423.3270888071885,124.82092938392935,85.6047204997326,131.69024772452434,131.38934698964576,259.9196341541047
2026-06-12,8123.62,1029.05,322500.0,2150000.0,981.6099853515624,1358000.0,1980.0999755859373,81200.0,368792814048.0,7.859531772575257,2.3322227510709226,7431.4599609375,25888.83984375,17.68000030517578,205.19000244140625,4.48,10.74,491.5315829416604,124.81227995171226,86.50435250136336,141.78036350260302,141.6403284035937,270.7617489324691
2026-06-15,8545.98,1034.03,337000.0,2288000.0,1087.989990234375,1413000.0,2107.860107421875,30303.333984375,370769535515.0,4.496124031007742,6.418604651162796,7554.2900390625,26683.939453125,16.200000762939453,212.4499969482422,4.47,8.06,517.7515456832269,134.098180921838,87.75023314784605,147.59795052075032,149.70520896209177,300.9445353673136
2026-06-16,8726.6,1018.68,343000.0,2382000.0,1020.760009765625,1501000.0,1991.550048828125,31573.333984375,373856317320.0,1.7804154302670572,4.108391608391604,7511.35009765625,26376.33984375,16.40999984741211,207.4100036621093,4.43,9.4,506.8128209903191,144.81240150506576,87.85084594540868,147.03948574864685,151.97866508667215,300.397426379723
2026-06-17,8864.24,1031.96,346500.0,2521000.0,1043.18994140625,1596000.0,1958.800048828125,32000.0,378005251425.0,1.0204081632652962,5.835432409739716,7420.10009765625,26021.66015625,18.440000534057617,204.64999389648438,4.49,11.83,533.7891732437812,144.82418823233547,91.6960228878147,157.9702781663416,150.3529293213288,312.1693688989259
2026-06-18,9063.84,1000.93,362500.0,2685000.0,1133.989990234375,1700000.0,2184.75,32300.0,379796880345.0,4.617604617604609,6.505355017850056,7500.580078125,26517.9296875,16.399999618530273,210.69000244140625,4.46,8.02,528.01332811231,139.68321536003404,91.22263401691944,143.5751555762501,145.33020305294133,290.0748526810223
2026-06-19,9052.42,966.59,354000.0,2764000.0,,1780000.0,,36200.0,384786880965.0,-2.344827586206899,2.9422718808193693,,,,,4.46,,546.7114370059991,134.1005369155177,87.36180508484571,153.9976891712826,146.0258129812503,308.18935302776896
2026-06-22,9114.55,968.4,353500.0,2919000.0,1211.3800048828125,1970000.0,2273.72998046875,108700.0,385311905013.0,-0.1412429378531032,5.607814761215635,7472.7900390625,26166.599609375,17.280000686645508,208.6499938964844,4.51,8.08,548.4453789369143,129.86771258458933,83.29802166837905,136.87076908550273,138.207810257709,284.50642546397376
2026-06-23,8203.84,891.52,310000.0,2555000.0,1051.77001953125,1832000.0,1963.5999755859373,30763.333984375,380936217202.0,-12.305516265912308,-12.470023980815348,7365.4599609375,25587.0390625,19.489999771118164,200.0399932861328,4.5,11.9,479.193609565752,122.2476525932031,81.2476304512601,125.57301293171476,137.195938864561,270.55387322435814
2026-06-24,8471.02,909.31,340500.0,2580000.0,1048.510009765625,1799000.0,1914.4599609375,30833.333984375,386328239107.0,9.838709677419356,0.9784735812133016,7358.22021484375,25476.640625,18.6299991607666,199.0,4.41,10.44,488.78834490386936,124.87957835381071,87.05453067456408,132.1446408476687,134.9047304630381,263.77303490971
2026-06-25,8930.3,887.81,358500.0,2917000.0,1213.56005859375,1899000.0,2335.0,34616.66796875,380483807429.0,5.286343612334798,13.06201550387598,7357.490234375,25358.599609375,18.889999389648438,195.74000549316406,4.4,10.16,551.0891261269678,119.68579116773624,86.07372330742851,134.29338156532006,137.06978653623196,270.13636052500743
2026-06-26,8411.21,851.37,339500.0,2673000.0,1132.3299560546875,1720000.0,2090.7099609375,30726.666015625,377615759670.0,-5.299860529986056,-8.364758313335619,7354.02001953125,25297.619140625,18.40999984741211,192.52999877929688,4.38,9.59,517.1431777691016,113.55976882282417,81.41933571777065,127.06519990243308,133.29351566887516,252.34531413940545
2026-06-29,8394.65,920.57,323000.0,2628000.0,1145.280029296875,1640000.0,2050.389892578125,29483.333984375,378070061893.0,-4.860088365243009,-1.683501683501687,7440.43017578125,25820.140625,17.649999618530273,194.97000122070312,4.38,7.56,486.63523315933054,119.00295595631373,90.41406155986122,138.14302847904924,135.63459244144326,261.3944324124473
2026-06-30,8476.48,916.18,334000.0,2650000.0,1154.2900390625,1697000.0,2273.72998046875,29893.333984375,373282282286.0,3.4055727554179516,0.8371385083713934,7499.35986328125,26213.720703125,16.450000762939453,200.08999633789062,4.44,5.79,513.8283275397822,114.17826384765092,86.55548961711429,135.36693502651164,139.36841007159322,285.3006065173328
2026-07-01,8303.41,929.35,314500.0,2560000.0,1032.280029296875,1757000.0,2032.219970703125,29376.666015625,373393431954.0,-5.838323353293418,-3.396226415094339,7483.22998046875,26040.029296875,16.59000015258789,197.5800018310547,4.48,5.96,491.0420423070565,121.15633895774657,86.27825070834754,135.63013362824955,140.39672011178396,310.15809785158484
2026-07-02,7648.09,866.72,286000.0,2187000.0,975.5599975585938,1525000.0,1745.0,25420.0,377186827349.0,-9.062003179650237,-14.570312500000004,7483.240234375,25832.669921875,16.149999618530273,194.8300018310547,4.49,5.26,411.5336087716768,122.174168265564,86.76294738695626,126.74283814420534,143.33588587922935,275.5973492649652
2026-07-03,8088.34,868.41,309500.0,2425000.0,,1589000.0,,27766.666015625,377922109827.0,8.216783216783208,10.882487425697306,,,,,4.49,,470.05145251535106,123.88066432965218,87.07606796659505,133.16434545967223,151.6198820972116,273.55293743216123
2026-07-06,8051.33,847.07,318000.0,2343000.0,984.75,1495000.0,1744.4300537109375,27196.666015625,376600021077.0,2.746365105008075,-3.381443298969067,7537.43017578125,26121.16015625,15.56999969482422,195.5500030517578,4.48,3.99,440.3215939542027,128.3173381773339,85.42731822664044,124.71999249590176,148.93197199939092,252.394686168222
2026-07-07,7656.31,831.23,296000.0,2201000.0,938.3800048828125,1356000.0,1617.699951171875,24133.333984375,370653958042.0,-6.91823899371069,-6.060606060606055,7503.85009765625,25818.689453125,16.1299991607666,196.92999267578125,4.55,4.55,429.58606763889327,117.48527723183619,86.0250169828607,128.93090802701377,154.06739790781012,245.31813543572986
2026-07-08,7246.79,785.0,277500.0,2076000.0,948.7999877929688,1270000.0,1727.1800537109375,23956.666015625,371998674403.0,-6.25,-5.6792367105861,7482.7099609375,25870.650390625,16.899999618530273,204.1199951171875,4.56,5.27,387.0295486434894,108.94352193449222,83.22152981611204,116.36591201621935,147.5960514078207,216.08727774059736
2026-07-09,7291.91,794.0,278000.0,2186000.0,991.6400146484375,1327000.0,1858.27001953125,25953.333984375,366336405045.0,0.18018018018017834,5.298651252408471,7543.64013671875,26206.890625,15.84000015258789,202.77999877929688,4.54,3.95,420.8455196077845,102.93690757171326,80.784805598434,119.76181104143255,149.388104373053,227.4706243851717
2026-07-10,7475.94,837.43,285000.0,2180000.0,979.2999877929688,1409000.0,1915.9200439453125,77000.0,355739828378.0,2.517985611510798,-0.2744739249771255,7575.39013671875,26281.609375,15.029999732971191,210.9600067138672,4.56,3.44,415.6440992726044,106.30094619432457,82.4629744628633,117.37955588667757,153.06689130947052,229.96548601437647
2026-07-13,6806.93,799.36,254500.0,1845000.0,937.0,1161000.0,1673.969970703125,22366.666015625,347886192957.0,-10.701754385964913,-15.366972477064223,7515.33984375,25873.1796875,17.15999984741211,203.52999877929688,4.62,5.51,365.78495060814384,103.60878903642488,82.47960802080485,121.31185499238865,155.79198053888453,210.94333222372504
2026-07-14,6856.83,783.98,263000.0,1913000.0,983.1199951171876,1190000.0,1757.8199462890625,23033.333984375,347077546143.0,3.339882121807469,3.685636856368557,7543.58984375,26107.009765625,16.5,211.8000030517578,4.58,4.6,372.6898164777727,98.10688739307024,79.09622471752118,119.85143925662943,152.88415509283936,214.71830269437083
2026-07-15,7284.41,829.43,279500.0,2082000.0,904.280029296875,1382000.0,1615.0,24366.666015625,343701836356.0,6.273764258555126,8.834291688447472,7572.39990234375,26269.23046875,15.670000076293945,212.5,4.55,3.7,435.0491250144878,104.44214657145596,80.82034532851607,133.4555142670624,158.3095481235237,235.32201566895247
2026-07-16,6820.6,791.84,255000.0,1842000.0,853.2000122070312,1212000.0,1411.0799560546875,62110.0,333624424284.0,-8.765652951699465,-11.527377521613836,7533.77001953125,25881.94921875,16.729999542236328,207.3999938964844,4.57,4.66,383.0752791765112,101.4105675544904,76.88666159971793,130.16371859470473,156.67891850906187,211.8740007236612
2026-07-17,,,,,848.9500122070312,,1354.8199462890625,52110.0,,,,7457.68994140625,25520.240234375,18.770000457763672,202.8099975585937,4.55,6.38,,,,,,
2026-07-20,6516.27,749.64,244000.0,1764000.0,865.4600219726562,1177000.0,1390.949951171875,,333326423896.0,,,7443.27978515625,25508.0703125,18.64999961853028,203.27999877929688,4.6,6.81,357.0342991377711,93.1412534392718,73.45586986042028,116.15851962186912,145.1111009583544,186.378644931153
2026-07-21,6747.95,753.34,259000.0,1836000.0,970.8200073242188,1253000.0,1589.4000244140625,61060.0,335583882504.0,6.147540983606548,4.081632653061229,7509.2001953125,25837.2109375,17.049999237060547,207.2899932861328,4.63,4.98,361.8739717226589,102.40139775233985,75.97412936066426,116.28979058764642,146.15255967267146,203.3740964971711
2026-07-22,6797.7,751.09,260500.0,1830000.0,959.47998046875,1230000.0,1599.27001953125,21423.333984375,330420979245.0,0.5791505791505891,-0.3267973856209138,7498.9599609375,25690.900390625,16.639999389648438,212.0599975585937,4.67,4.3,366.1289571714061,99.48221898947462,77.40686519627083,119.66053750597686,150.82047484225808,213.5464063370713
2026-07-23,7096.89,790.28,270000.0,1919000.0,990.2100219726562,1221000.0,1610.3299560546875,20626.666015625,327492191699.0,3.6468330134356894,4.863387978142075,7408.2998046875,25137.689453125,18.700000762939453,208.759994506836,4.71,7.36,375.8491354249567,108.61931044121636,81.2031320828818,134.3393159848845,150.1612534125656,241.2983272459312
2026-07-24,6690.62,748.22,249500.0,1759000.0,920.9500122070312,1109000.0,1436.56005859375,18670.0,326716695000.0,-7.592592592592595,-8.337675872850447,7411.97998046875,24975.8203125,18.57999992370605,206.83999633789065,4.69,7.73,345.1183904810706,109.42870558431218,83.28409668285036,126.93200305396584,149.81085023476575,222.2476878530153
2026-07-27,6755.75,764.86,254000.0,1816000.0,900.2000122070312,1096000.0,1278.22998046875,18183.333984375,327410627876.0,1.8036072144288484,3.240477544059117,7413.18017578125,24932.080078125,18.670000076293945,196.50999450683594,4.65,7.69,370.7014818877958,102.75034801207207,84.72787464057714,129.99052053586158,155.24048591607615,225.29393600878814
2026-07-28,6023.66,705.85,220000.0,1550000.0,820.530029296875,925000.0,1096.0999755859375,14850.0,331940397580.0,-13.38582677165354,-14.64757709251101,7428.77978515625,24876.91015625,18.209999084472656,197.00999450683594,4.61,7.76,319.7855700444888,98.73058230676887,83.11944948062309,119.80142215610304,148.19699141572374,198.35647286700413
2026-07-29,5663.24,662.68,208500.0,1401000.0,739.0,850000.0,1015.8900146484375,12793.3330078125,329950457608.0,-5.227272727272725,-9.612903225806447,7316.14990234375,24442.939453125,20.65999984741211,190.00999450683594,4.67,11.97,294.3471790434403,90.8439957450496,81.31686778988576,115.08257323295526,145.4975046791472,176.13493497437807
2026-07-30,5593.56,644.78,207000.0,1322000.0,874.6599731445312,799000.0,1279.9599609375,13166.6669921875,321531194801.0,-0.7194244604316502,-5.638829407566027,7437.6298828125,25122.1796875,17.09000015258789,195.0399932861328,4.68,7.06,272.9987045337981,96.38149720575451,82.9659066900381,113.7407163268724,147.0224595703391,160.93254108417625
2026-07-31,6595.45,719.76,262500.0,1718000.0,823.030029296875,1038000.0,1214.8299560546875,15500.0,289349971728.0,26.81159420289856,29.954614220877463,7489.72021484375,25373.849609375,15.989999771118164,200.75,4.75,6.19,349.035601829914,103.71423089160484,84.4969061329014,118.36705191626685,148.3852130039147,196.8325196084892
2026-08-03,6257.45,737.35,239500.0,1567000.0,829.5,1025000.0,1288.030029296875,16386.666015625,274438539607.0,-8.76190476190476,-8.789289871944117,7600.5,25913.900390625,15.859999656677246,206.63999938964844,4.7,5.64,336.9355714564703,101.41831116505642,84.00067880539825,120.29420596482511,152.7357662968324,206.0673429117909
2026-08-04,6358.95,780.72,240000.0,1577000.0,892.6699829101562,1060000.0,1427.6199951171875,17363.333984375,274038279947.0,0.2087682672233803,0.638162093171668,7736.52001953125,26584.990234375,16.5,211.94000244140625,4.63,7.19,325.3619058497477,111.8634730448444,88.57359197945676,121.06765682220312,149.3193251300941,210.81092390939932
2026-08-05,6598.26,799.59,246000.0,1668000.0,893.1900024414062,1119000.0,1350.5,18100.0,284179658416.0,2.499999999999991,5.770450221940404,7723.5498046875,26363.439453125,15.8100004196167,219.22000122070312,4.63,7.08,338.87034093319164,114.0892347456911,90.30101532671316,122.04645783079536,150.6991626207118,230.12402055305284
2026-08-06,6296.38,801.67,230500.0,1495000.0,881.469970703125,970000.0,1258.5799560546875,16246.6669921875,287940095561.0,-6.30081300813008,-10.37170263788969,7709.9599609375,26348.349609375,15.149999618530272,218.9900054931641,4.69,6.62,314.0020039598152,110.1816861438242,92.65715468322966,122.8094192087136,153.88827701953383,218.4653059299756
2026-08-07,6258.77,798.81,231000.0,1422000.0,877.5700073242188,939000.0,1212.2099609375,15910.0,292303680119.0,0.2169197396963085,-4.882943143812712,7757.64013671875,26690.619140625,14.899999618530272,223.9600067138672,4.65,7.38,303.6849060404666,112.98168296912256,95.0751742694968,131.73193720584754,157.58964940977444,219.4730334008809
2026-08-10,6299.66,854.47,230000.0,1420000.0,861.0,949000.0,1237.9200439453125,16003.3330078125,300237677779.0,-0.4329004329004293,-0.1406469760900086,7753.10986328125,26605.359375,15.460000038146973,217.5500030517578,4.72,8.07,309.3873154724919,121.05142867704242,100.15907092829156,136.05422428105214,152.53013438253203,230.79813556595423
2026-08-11,6345.53,857.84,239500.0,1425000.0,868.52001953125,945000.0,1271.050048828125,,300387221054.0,4.130434782608705,0.3521126760563486,7728.2001953125,26445.44921875,15.279999732971191,217.5,4.7,8.95,316.8162421426779,113.7247703661769,100.48988322439402,132.16217480504258,150.28226861617975,225.21112263735705
2026-08-12,6579.04,858.91,255500.0,1504000.0,911.2899780273438,1024000.0,1344.2900390625,16623.333984375,304187529749.0,6.6805845511482165,5.543859649122807,7748.5,26588.490234375,14.550000190734863,224.08999633789065,4.68,7.79,331.43822103936844,116.63268021851702,96.17509925079972,135.1643351965982,149.13389171332085,232.0231439425121
2026-08-13,6813.34,861.37,268000.0,1593000.0,949.8300170898438,1117000.0,1528.1099853515625,17266.666015625,309262663900.0,4.89236790606653,5.917553191489366,7798.990234375,26803.029296875,14.630000114440918,225.3000030517578,4.63,7.69,349.1335810198688,120.03253912254904,96.12445152275512,135.64781710097853,151.91138375884287,236.9002231440314
2026-08-14,6977.94,864.65,274500.0,1645000.0,971.6599731445312,1154000.0,1641.1099853515625,17913.333984375,308675096529.0,2.425373134328357,3.264281230382915,7785.759765625,26729.16015625,14.25,225.16000366210938,4.68,7.45,371.93653489337294,118.56359042653816,94.8505064796797,147.95478712979656,156.57118870764788,239.1212717850434
2026-08-17,,,,,1011.75,,1786.8499755859375,61840.0,,,,7745.06005859375,26644.91015625,15.1899995803833,225.009994506836,4.72,8.47,,,,,,
2026-08-18,6869.83,834.2,268500.0,1662000.0,940.760009765625,1135000.0,1625.780029296875,57150.0,311045330601.0,,,7691.759765625,26289.7109375,15.84000015258789,219.7400054931641,4.71,9.55,353.8463450747156,122.21297705713984,89.32441346756235,133.35092293160412,146.83174523068342,227.44302011621195
2026-08-19,6471.17,824.46,247500.0,1500000.0,937.1099853515624,1004000.0,1568.8699951171875,49950.0,313120084360.0,-7.821229050279332,-9.747292418772568,7707.97998046875,26331.08984375,14.890000343322754,217.5599975585937,4.65,7.95,332.1046721843894,121.64998013481484,88.92126795003709,132.63452017341376,144.65013611163596,220.5128369122928
2026-08-20,6852.58,840.89,271000.0,1691000.0,974.3300170898438,1123000.0,1600.6199951171875,52950.0,,9.49494949494949,12.73333333333333,7641.16015625,26067.169921875,16.010000228881836,216.8500061035156,4.69,9.46,353.10620187045856,118.69092330958983,90.99854126449269,132.55051494340498,138.72741735917344,216.43353041487745
2026-08-21,6912.95,801.94,281500.0,1730000.0,966.780029296875,1123000.0,1596.0799560546875,54320.0,324162883419.0,3.874538745387457,2.30632761679479,7674.3701171875,26180.4609375,15.130000114440918,214.72000122070312,4.74,8.34,381.6526969671284,110.47908593204583,94.07139879482364,129.8499230048434,147.13433669201305,225.0107038526916
2026-08-24,6696.96,813.33,257000.0,1671000.0,910.4299926757812,1076000.0,1493.1199951171875,50930.0,326282458847.0,-8.703374777975137,-3.410404624277452,7652.85986328125,25980.189453125,15.850000381469728,208.47999572753903,4.7,9.28,352.72355200393383,106.55066274300412,91.3809734628797,136.1049175284879,146.5882871738743,211.19740160123428
2026-08-25,6742.74,827.15,257000.0,1678000.0,932.969970703125,1060000.0,1480.77001953125,17086.666015625,328483074848.0,0.0,0.418910831837227,7677.27978515625,26151.30078125,15.449999809265137,213.0500030517578,4.64,9.59,360.25511438272844,107.67433567796476,89.69632745031478,133.67078471567024,149.8212408028576,212.65150367537527
2026-08-26,6808.21,826.87,261500.0,1688000.0,938.4000244140624,1058000.0,1499.3699951171875,50000.0,331023665264.0,1.7509727626459082,0.5959475566150285,7675.7001953125,26130.19921875,15.210000038146973,209.6600036621093,4.66,9.09,375.5403634509024,112.60065064449464,94.30367532680413,132.45282448270933,151.47681729137798,237.1137656031377
2026-08-27,6912.37,837.65,266000.0,1730000.0,935.3900146484376,1068000.0,1484.949951171875,52500.0,333290140169.0,1.7208413001912115,2.488151658767768,7730.990234375,26541.349609375,14.510000228881836,227.97999572753903,4.67,8.9,371.6402829270095,111.23419729750478,90.3705575847928,138.59804178335332,152.2660801788117,241.64033699864083
2026-08-28,6788.88,838.41,257000.0,1653000.0,932.8599853515624,1028000.0,1484.97998046875,15966.6669921875,333379711242.0,-3.383458646616544,-4.450867052023122,7711.759765625,26402.419921875,14.43000030517578,217.5500030517578,4.73,8.87,361.0515805454262,110.87842754008464,91.24983540925972,142.03258234924164,156.5776906378278,242.288871755059
2026-08-31,6820.02,834.29,260000.0,1674000.0,958.72998046875,1037000.0,1566.699951171875,16663.333984375,332526581345.0,1.167315175097272,1.2704174228675091,7686.14013671875,26370.890625,14.920000076293944,220.77999877929688,4.75,10.06,361.1222270235357,107.62825057892194,90.61624331334669,148.25037938637482,156.07518870447734,234.5190930529888
2026-09-01,6835.8,821.25,261000.0,1693000.0,933.4400024414062,1067000.0,1536.8699951171875,17000.0,334301608734.0,0.38461538461538325,1.1350059737156526,7631.47021484375,26099.76953125,16.34000015258789,217.44000244140625,4.79,12.64,377.7087727763307,104.69660250028102,89.35137778159881,156.08762576508744,160.86711377739903,238.76603729224882
2026-09-02,6562.72,803.98,250500.0,1613000.0,956.0800170898438,982000.0,1553.4000244140625,17000.0,334404410866.0,-4.022988505747128,-4.725339633786174,7666.60009765625,26217.830078125,15.199999809265137,224.41000366210935,4.79,10.58,350.24776930300686,100.81351647896544,88.61715712478176,142.12964461385138,156.00136237288737,219.03445608229845
2026-09-03,6579.48,790.21,250000.0,1596000.0,958.1599731445312,981000.0,1554.989990234375,17223.333984375,335420163739.0,-0.1996007984031989,-1.0539367637941721,7747.7099609375,26584.060546875,14.319999694824219,228.4499969482422,4.77,9.54,362.0049222259224,102.19914515030837,86.44183529680686,151.62324529308555,164.50699496819024,223.80602297541452
2026-09-04,6687.21,813.5,255500.0,1647000.0,1016.5900268554688,1041000.0,1740.0,18153.333984375,335958121296.0,2.200000000000002,3.195488721804507,7718.60009765625,26506.990234375,14.529999732971191,230.36000061035156,4.78,8.6,375.588093885314,101.89621895419256,87.10155098951859,153.64103934105773,158.4105445876075,227.04457454316068
2026-09-07,6995.39,822.19,270000.0,1783000.0,,1125000.0,,19843.333984375,331903250337.0,5.675146771037176,8.257437765634478,,,15.300000190734863,,4.78,,399.8988127695558,102.53464071971206,86.78462955771585,152.73550034935943,163.1620810416725,241.3827775015831
2026-09-08,6954.52,811.88,269500.0,1793000.0,1000.260009765625,1131000.0,1737.989990234375,19136.666015625,327386981182.0,-0.18518518518518823,0.5608524957936067,7673.52001953125,26421.41015625,15.720000267028809,225.72999572753906,4.8,9.81,401.9174578919829,102.083779182661,84.96308450563977,149.52813551926954,161.57628711078527,234.4218281589129
2026-09-09,7051.64,830.37,269500.0,1856000.0,1027.77001953125,1138000.0,1764.1700439453125,19000.0,324092216362.0,0.0,3.513664249860571,7636.35986328125,26253.33984375,16.459999084472656,223.6699981689453,4.83,11.36,395.6846636214441,105.62528365755206,85.81724322950575,154.70237516695352,155.42423595640153,237.28821031434768
2026-09-10,7033.92,836.92,269000.0,1853000.0,977.4099731445312,1135000.0,1692.5899658203125,19363.333984375,323598932473.0,-0.18552875695733162,-0.1616379310344862,7591.7001953125,26081.720703125,17.84000015258789,218.36000061035156,4.95,14.38,412.44977284936016,104.19773187870939,84.0058058067784,159.26213383207565,159.8611715788714,237.89690838433637
2026-09-11,6909.91,820.64,259500.0,1812000.0,975.260009765625,1089000.0,1633.3499755859375,18010.0,322648875008.0,-3.531598513011147,-2.21262817053427,7656.97998046875,26333.0390625,15.84000015258789,218.2899932861328,4.96,11.18,395.9335974954334,105.74988573351247,82.83925463853782,154.17205827497045,163.81842341410737,237.06821747919076
2026-09-14,6684.37,806.79,248500.0,1683000.0,924.030029296875,1000000.0,1551.989990234375,16863.333984375,326230603035.0,-4.238921001926787,-7.1192052980132425,7619.97998046875,26186.41015625,17.100000381469727,210.9600067138672,4.97,13.1,360.07523389388786,109.11464777357295,82.15882573948073,142.01256662397975,164.4531879358279,223.7215288463986
2026-09-15,6627.26,812.41,250500.0,1712000.0,927.5999755859375,1014000.0,1530.89501953125,17250.0,328319608165.0,0.8048289738430636,1.7231134878193721,7585.72998046875,25981.5703125,17.200000762939453,212.1699981689453,5.0,13.59,380.70553725665945,103.04814644629246,82.34117214171786,154.23288549082625,164.20989723149407,226.78832240708383
2026-09-16,6717.97,815.98,253500.0,1757000.0,926.5499877929688,1017000.0,1519.969970703125,16926.666015625,330735250322.0,1.1976047904191711,2.628504672897192,7551.81005859375,25978.4296875,17.709999084472656,213.8999938964844,5.01,14.43,374.19876969246167,102.60177999559296,81.63911955772524,143.34735749507402,161.68649426957413,221.5662573160357
2026-09-17,6724.34,821.67,256000.0,1766000.0,977.5,1019000.0,1614.3900146484375,16626.666015625,330730171325.0,0.9861932938856066,0.512236767216856,7637.759765625,26418.30078125,15.4399995803833,219.33999633789065,4.94,10.79,374.2187479919248,108.54969508350317,82.32710743733583,146.1989801475363,162.7928679360381,228.8138492455224
2026-09-18,,,260000.0,1849000.0,1015.7999877929688,1072000.0,1791.8199462890625,18190.0,329146242417.0,1.5625,4.699886749716864,7650.5,26522.5390625,14.8100004196167,222.2700042724609,5.01,9.23,384.96880947324894,109.11258025152011,82.68158467893969,144.94547216650136,159.04208990366544,233.9864184958257
2026-09-21,,,275000.0,1879000.0,1043.9599609375,1133000.0,1766.6400146484375,,330554857692.0,5.769230769230771,1.6224986479177916,7764.7001953125,27122.08984375,14.869999885559082,227.3800048828125,4.96,8.56,412.6197496586314,106.35854737981983,84.80073614038815,150.5346978696782,164.66740547695093,242.04336899350358
2026-09-22,,,277500.0,1841000.0,1096.1600341796875,1134000.0,1887.0400390625,,328191684019.0,0.9090909090909038,-2.0223523150612044,7764.64013671875,27244.279296875,14.210000038146973,228.8699951171875,4.96,7.59,409.1193227735796,104.75393888362251,82.70175953327097,149.4362234161148,163.53283548966942,241.5868828400079
2026-09-23,,,286500.0,1863000.0,1071.8800048828125,1181000.0,1816.5699462890625,,327764336368.0,3.2432432432432323,1.195002715915261,7706.02978515625,26936.0390625,15.18000030517578,225.50999450683597,5.11,8.79,399.92723650651175,103.9894410447109,83.25872149670238,143.24937755790015,157.64199702850317,231.3751564524194
2026-09-24,,,,,1080.530029296875,,1753.6199951171875,18193.333984375,,,,7704.1298828125,26939.369140625,15.670000076293945,224.5800018310547,5.18,9.17,,,,,,
2026-09-25,,,,,1082.280029296875,,1777.800048828125,18593.333984375,,,,7743.41015625,27068.720703125,14.869999885559082,225.07000732421875,5.17,8.01,,,,,,
2026-09-28,,,270000.0,1761000.0,1053.97998046875,1092000.0,1712.8900146484375,17780.0,328581696392.0,,,7683.68994140625,26820.380859375,16.06999969482422,228.8600006103516,5.24,9.03,381.4780127072504,103.32527757892557,85.34434607198972,147.93287784730288,158.75474600477966,225.27809559342825
2026-09-29,,,275000.0,1790000.0,1065.0799560546875,1126000.0,1729.760009765625,17880.0,329200049759.0,1.85185185185186,1.6467915956842605,7670.83984375,26797.5390625,16.040000915527344,227.2100067138672,5.26,9.28,414.17830438974624,100.46366929902685,86.19377825676295,148.969307620461,161.86440214539076,236.39377776073553
2026-09-30,,,269500.0,1783000.0,1065.1099853515625,1132000.0,1739.8900146484375,18095.0,333901289138.0,-2.0000000000000018,-0.3910614525139633,7651.5400390625,26861.060546875,16.34000015258789,228.3800048828125,5.29,9.09,415.06243021483715,100.3458063392454,84.80348390723496,148.98084370771394,156.9892932380517,235.1946041848442
2026-10-01,,,274500.0,1828000.0,1046.469970703125,1150000.0,1726.7249755859375,,,1.855287569573294,2.5238362310712192,7626.60009765625,26776.673828125,17.139999389648438,229.88999938964844,,,413.2348881023139,104.1221209577998,87.71561824899163,141.65801628781583,150.66367703766815,229.06472135252488
2026-10-02,,,276000.0,1842000.0,,1156000.0,,19300.0,,0.5464480874316946,0.7658643326039494,,,,,,,412.85538390105467,106.70379959027775,85.58783778298437,146.77694104683482,151.7468112680328,233.2609661824685
2026-10-05,,,,,1066.75,,1714.3499755859375,,,,,7771.8798828125,27438.193359375,15.489999771118164,237.36500549316406,,,,,,,,
